"Name","Category","Folder","RelativePath","FullPath"
"图例","","化工绘图图块图例符号","图例.dwg","D:\桌面\510套化工工艺流程图含393套图例图纸及117套流程图含PID\510套化工工艺流程图含393套图例图纸及117套流程图含PID\化工工艺流程图\化工绘图图块图例符号\图例.dwg"
"管道仪表流程图首页","","化工绘图图块图例符号","管道仪表流程图首页.dwg","D:\桌面\510套化工工艺流程图含393套图例图纸及117套流程图含PID\510套化工工艺流程图含393套图例图纸及117套流程图含PID\化工工艺流程图\化工绘图图块图例符号\管道仪表流程图首页.dwg"
"管道及仪表流程图中设备、机器图例","","化工绘图图块图例符号","管道及仪表流程图中设备、机器图例.dwg","D:\桌面\510套化工工艺流程图含393套图例图纸及117套流程图含PID\510套化工工艺流程图含393套图例图纸及117套流程图含PID\化工工艺流程图\化工绘图图块图例符号\管道及仪表流程图中设备、机器图例.dwg"
"仪表符号","化工管道设备符号","化工管道设备符号","化工管道设备符号\仪表符号.dwg","D:\桌面\510套化工工艺流程图含393套图例图纸及117套流程图含PID\510套化工工艺流程图含393套图例图纸及117套流程图含PID\化工工艺流程图\化工绘图图块图例符号\化工管道设备符号\仪表符号.dwg"
"符号标识","化工管道设备符号","化工管道设备符号","化工管道设备符号\符号标识.dwg","D:\桌面\510套化工工艺流程图含393套图例图纸及117套流程图含PID\510套化工工艺流程图含393套图例图纸及117套流程图含PID\化工工艺流程图\化工绘图图块图例符号\化工管道设备符号\符号标识.dwg"
"管线仪表符号图例","化工管道设备符号","化工管道设备符号","化工管道设备符号\管线仪表符号图例.dwg","D:\桌面\510套化工工艺流程图含393套图例图纸及117套流程图含PID\510套化工工艺流程图含393套图例图纸及117套流程图含PID\化工工艺流程图\化工绘图图块图例符号\化工管道设备符号\管线仪表符号图例.dwg"
"管线管件仪表图例符号","化工管道设备符号","化工管道设备符号","化工管道设备符号\管线管件仪表图例符号.dwg","D:\桌面\510套化工工艺流程图含393套图例图纸及117套流程图含PID\510套化工工艺流程图含393套图例图纸及117套流程图含PID\化工工艺流程图\化工绘图图块图例符号\化工管道设备符号\管线管件仪表图例符号.dwg"
"管道仪表阀门图例符号","化工管道设备符号","化工管道设备符号","化工管道设备符号\管道仪表阀门图例符号.dwg","D:\桌面\510套化工工艺流程图含393套图例图纸及117套流程图含PID\510套化工工艺流程图含393套图例图纸及117套流程图含PID\化工工艺流程图\化工绘图图块图例符号\化工管道设备符号\管道仪表阀门图例符号.dwg"
"管道图例阀门符号","化工管道设备符号","化工管道设备符号","化工管道设备符号\管道图例阀门符号.dwg","D:\桌面\510套化工工艺流程图含393套图例图纸及117套流程图含PID\510套化工工艺流程图含393套图例图纸及117套流程图含PID\化工工艺流程图\化工绘图图块图例符号\化工管道设备符号\管道图例阀门符号.dwg"
"管道阀门图例符号","化工管道设备符号","化工管道设备符号","化工管道设备符号\管道阀门图例符号.dwg","D:\桌面\510套化工工艺流程图含393套图例图纸及117套流程图含PID\510套化工工艺流程图含393套图例图纸及117套流程图含PID\化工工艺流程图\化工绘图图块图例符号\化工管道设备符号\管道阀门图例符号.dwg"
"英文标注","化工管道设备符号","化工管道设备符号","化工管道设备符号\英文标注.dwg","D:\桌面\510套化工工艺流程图含393套图例图纸及117套流程图含PID\510套化工工艺流程图含393套图例图纸及117套流程图含PID\化工工艺流程图\化工绘图图块图例符号\化工管道设备符号\英文标注.dwg"
"设备符号图块","化工管道设备符号","化工管道设备符号","化工管道设备符号\设备符号图块.dwg","D:\桌面\510套化工工艺流程图含393套图例图纸及117套流程图含PID\510套化工工艺流程图含393套图例图纸及117套流程图含PID\化工工艺流程图\化工绘图图块图例符号\化工管道设备符号\设备符号图块.dwg"
"MTBE、TAME 装 置 流 程 示 意 图","化工类流程示意图","化工类流程示意图","化工类流程示意图\MTBE、TAME 装 置 流 程 示 意 图.dwg","D:\桌面\510套化工工艺流程图含393套图例图纸及117套流程图含PID\510套化工工艺流程图含393套图例图纸及117套流程图含PID\化工工艺流程图\化工绘图图块图例符号\化工类流程示意图\MTBE、TAME 装 置 流 程 示 意 图.dwg"
"mtbe原则流图","化工类流程示意图","化工类流程示意图","化工类流程示意图\mtbe原则流图.dwg","D:\桌面\510套化工工艺流程图含393套图例图纸及117套流程图含PID\510套化工工艺流程图含393套图例图纸及117套流程图含PID\化工工艺流程图\化工绘图图块图例符号\化工类流程示意图\mtbe原则流图.dwg"
"制氢装置流程示意图","化工类流程示意图","化工类流程示意图","化工类流程示意图\制氢装置流程示意图.dwg","D:\桌面\510套化工工艺流程图含393套图例图纸及117套流程图含PID\510套化工工艺流程图含393套图例图纸及117套流程图含PID\化工工艺流程图\化工绘图图块图例符号\化工类流程示意图\制氢装置流程示意图.dwg"
"加氢精工艺循环氢脱工艺图","化工类流程示意图","化工类流程示意图","化工类流程示意图\加氢精工艺循环氢脱工艺图.dwg","D:\桌面\510套化工工艺流程图含393套图例图纸及117套流程图含PID\510套化工工艺流程图含393套图例图纸及117套流程图含PID\化工工艺流程图\化工绘图图块图例符号\化工类流程示意图\加氢精工艺循环氢脱工艺图.dwg"
"原 油 常 减 压 蒸 馏 工 艺 流 程 图","化工类流程示意图","化工类流程示意图","化工类流程示意图\原 油 常 减 压 蒸 馏 工 艺 流 程 图.dwg","D:\桌面\510套化工工艺流程图含393套图例图纸及117套流程图含PID\510套化工工艺流程图含393套图例图纸及117套流程图含PID\化工工艺流程图\化工绘图图块图例符号\化工类流程示意图\原 油 常 减 压 蒸 馏 工 艺 流 程 图.dwg"
"原油加工方案 燃料-化工型","化工类流程示意图","化工类流程示意图","化工类流程示意图\原油加工方案 燃料-化工型.dwg","D:\桌面\510套化工工艺流程图含393套图例图纸及117套流程图含PID\510套化工工艺流程图含393套图例图纸及117套流程图含PID\化工工艺流程图\化工绘图图块图例符号\化工类流程示意图\原油加工方案 燃料-化工型.dwg"
"原油加工方案 燃料-润滑油型","化工类流程示意图","化工类流程示意图","化工类流程示意图\原油加工方案 燃料-润滑油型.dwg","D:\桌面\510套化工工艺流程图含393套图例图纸及117套流程图含PID\510套化工工艺流程图含393套图例图纸及117套流程图含PID\化工工艺流程图\化工绘图图块图例符号\化工类流程示意图\原油加工方案 燃料-润滑油型.dwg"
"原油加工方案燃料型（一）","化工类流程示意图","化工类流程示意图","化工类流程示意图\原油加工方案燃料型（一）.dwg","D:\桌面\510套化工工艺流程图含393套图例图纸及117套流程图含PID\510套化工工艺流程图含393套图例图纸及117套流程图含PID\化工工艺流程图\化工绘图图块图例符号\化工类流程示意图\原油加工方案燃料型（一）.dwg"
"原油加工方案燃料型（二）","化工类流程示意图","化工类流程示意图","化工类流程示意图\原油加工方案燃料型（二）.dwg","D:\桌面\510套化工工艺流程图含393套图例图纸及117套流程图含PID\510套化工工艺流程图含393套图例图纸及117套流程图含PID\化工工艺流程图\化工绘图图块图例符号\化工类流程示意图\原油加工方案燃料型（二）.dwg"
"原油加工过程原则流图","化工类流程示意图","化工类流程示意图","化工类流程示意图\原油加工过程原则流图.dwg","D:\桌面\510套化工工艺流程图含393套图例图纸及117套流程图含PID\510套化工工艺流程图含393套图例图纸及117套流程图含PID\化工工艺流程图\化工绘图图块图例符号\化工类流程示意图\原油加工过程原则流图.dwg"
"原油常减压蒸馏工艺流程","化工类流程示意图","化工类流程示意图","化工类流程示意图\原油常减压蒸馏工艺流程.dwg","D:\桌面\510套化工工艺流程图含393套图例图纸及117套流程图含PID\510套化工工艺流程图含393套图例图纸及117套流程图含PID\化工工艺流程图\化工绘图图块图例符号\化工类流程示意图\原油常减压蒸馏工艺流程.dwg"
"原油常减压蒸馏工艺流程图燃料型","化工类流程示意图","化工类流程示意图","化工类流程示意图\原油常减压蒸馏工艺流程图燃料型.dwg","D:\桌面\510套化工工艺流程图含393套图例图纸及117套流程图含PID\510套化工工艺流程图含393套图例图纸及117套流程图含PID\化工工艺流程图\化工绘图图块图例符号\化工类流程示意图\原油常减压蒸馏工艺流程图燃料型.dwg"
"吸收稳定 反应再生及分馏系统","化工类流程示意图","化工类流程示意图","化工类流程示意图\吸收稳定 反应再生及分馏系统.dwg","D:\桌面\510套化工工艺流程图含393套图例图纸及117套流程图含PID\510套化工工艺流程图含393套图例图纸及117套流程图含PID\化工工艺流程图\化工绘图图块图例符号\化工类流程示意图\吸收稳定 反应再生及分馏系统.dwg"
"己 二 醇 脱 硫 装 置 工 艺 流 程 图","化工类流程示意图","化工类流程示意图","化工类流程示意图\己 二 醇 脱 硫 装 置 工 艺 流 程 图.dwg","D:\桌面\510套化工工艺流程图含393套图例图纸及117套流程图含PID\510套化工工艺流程图含393套图例图纸及117套流程图含PID\化工工艺流程图\化工绘图图块图例符号\化工类流程示意图\己 二 醇 脱 硫 装 置 工 艺 流 程 图.dwg"
"气 体 分 馏 装 置 流 程 示 意 图","化工类流程示意图","化工类流程示意图","化工类流程示意图\气 体 分 馏 装 置 流 程 示 意 图.dwg","D:\桌面\510套化工工艺流程图含393套图例图纸及117套流程图含PID\510套化工工艺流程图含393套图例图纸及117套流程图含PID\化工工艺流程图\化工绘图图块图例符号\化工类流程示意图\气 体 分 馏 装 置 流 程 示 意 图.dwg"
"渣油加氢脱硫分馏部分流程示意图(含循环氢净化系统)","化工类流程示意图","化工类流程示意图","化工类流程示意图\渣油加氢脱硫分馏部分流程示意图(含循环氢净化系统).DWG","D:\桌面\510套化工工艺流程图含393套图例图纸及117套流程图含PID\510套化工工艺流程图含393套图例图纸及117套流程图含PID\化工工艺流程图\化工绘图图块图例符号\化工类流程示意图\渣油加氢脱硫分馏部分流程示意图(含循环氢净化系统).DWG"
"渣油加氢脱硫反应部分流程示意图","化工类流程示意图","化工类流程示意图","化工类流程示意图\渣油加氢脱硫反应部分流程示意图.DWG","D:\桌面\510套化工工艺流程图含393套图例图纸及117套流程图含PID\510套化工工艺流程图含393套图例图纸及117套流程图含PID\化工工艺流程图\化工绘图图块图例符号\化工类流程示意图\渣油加氢脱硫反应部分流程示意图.DWG"
"烷 基 化 装 置 流 程 示 意 图","化工类流程示意图","化工类流程示意图","化工类流程示意图\烷 基 化 装 置 流 程 示 意 图.dwg","D:\桌面\510套化工工艺流程图含393套图例图纸及117套流程图含PID\510套化工工艺流程图含393套图例图纸及117套流程图含PID\化工工艺流程图\化工绘图图块图例符号\化工类流程示意图\烷 基 化 装 置 流 程 示 意 图.dwg"
"石 脑 油 加 氢 装 置 流 程 示 意 图","化工类流程示意图","化工类流程示意图","化工类流程示意图\石 脑 油 加 氢 装 置 流 程 示 意 图.dwg","D:\桌面\510套化工工艺流程图含393套图例图纸及117套流程图含PID\510套化工工艺流程图含393套图例图纸及117套流程图含PID\化工工艺流程图\化工绘图图块图例符号\化工类流程示意图\石 脑 油 加 氢 装 置 流 程 示 意 图.dwg"
"硫磺回收装置制硫单元流程示意图","化工类流程示意图","化工类流程示意图","化工类流程示意图\硫磺回收装置制硫单元流程示意图.dwg","D:\桌面\510套化工工艺流程图含393套图例图纸及117套流程图含PID\510套化工工艺流程图含393套图例图纸及117套流程图含PID\化工工艺流程图\化工绘图图块图例符号\化工类流程示意图\硫磺回收装置制硫单元流程示意图.dwg"
"硫磺回收装置尾气处理单元流程示意图","化工类流程示意图","化工类流程示意图","化工类流程示意图\硫磺回收装置尾气处理单元流程示意图.dwg","D:\桌面\510套化工工艺流程图含393套图例图纸及117套流程图含PID\510套化工工艺流程图含393套图例图纸及117套流程图含PID\化工工艺流程图\化工绘图图块图例符号\化工类流程示意图\硫磺回收装置尾气处理单元流程示意图.dwg"
"硫磺回收装置酸性水汽提单元流程示意图","化工类流程示意图","化工类流程示意图","化工类流程示意图\硫磺回收装置酸性水汽提单元流程示意图.dwg","D:\桌面\510套化工工艺流程图含393套图例图纸及117套流程图含PID\510套化工工艺流程图含393套图例图纸及117套流程图含PID\化工工艺流程图\化工绘图图块图例符号\化工类流程示意图\硫磺回收装置酸性水汽提单元流程示意图.dwg"
"航 煤 加 氢 装 置 流 程 示 意 图","化工类流程示意图","化工类流程示意图","化工类流程示意图\航 煤 加 氢 装 置 流 程 示 意 图.dwg","D:\桌面\510套化工工艺流程图含393套图例图纸及117套流程图含PID\510套化工工艺流程图含393套图例图纸及117套流程图含PID\化工工艺流程图\化工绘图图块图例符号\化工类流程示意图\航 煤 加 氢 装 置 流 程 示 意 图.dwg"
"轻 柴 油 加 氢 装 置 流 程 示 意 图","化工类流程示意图","化工类流程示意图","化工类流程示意图\轻 柴 油 加 氢 装 置 流 程 示 意 图.dwg","D:\桌面\510套化工工艺流程图含393套图例图纸及117套流程图含PID\510套化工工艺流程图含393套图例图纸及117套流程图含PID\化工工艺流程图\化工绘图图块图例符号\化工类流程示意图\轻 柴 油 加 氢 装 置 流 程 示 意 图.dwg"
"连 续 重 整 装 置 流 程 示 意 图","化工类流程示意图","化工类流程示意图","化工类流程示意图\连 续 重 整 装 置 流 程 示 意 图.dwg","D:\桌面\510套化工工艺流程图含393套图例图纸及117套流程图含PID\510套化工工艺流程图含393套图例图纸及117套流程图含PID\化工工艺流程图\化工绘图图块图例符号\化工类流程示意图\连 续 重 整 装 置 流 程 示 意 图.dwg"
"A2空白","化工类特性图_标题框","化工类特性图_标题框","化工类特性图_标题框\A2空白.dwg","D:\桌面\510套化工工艺流程图含393套图例图纸及117套流程图含PID\510套化工工艺流程图含393套图例图纸及117套流程图含PID\化工工艺流程图\化工绘图图块图例符号\化工类特性图_标题框\A2空白.dwg"
"A3图样_标题框","化工类特性图_标题框","化工类特性图_标题框","化工类特性图_标题框\A3图样_标题框.dwg","D:\桌面\510套化工工艺流程图含393套图例图纸及117套流程图含PID\510套化工工艺流程图含393套图例图纸及117套流程图含PID\化工工艺流程图\化工绘图图块图例符号\化工类特性图_标题框\A3图样_标题框.dwg"
"A3空白","化工类特性图_标题框","化工类特性图_标题框","化工类特性图_标题框\A3空白.dwg","D:\桌面\510套化工工艺流程图含393套图例图纸及117套流程图含PID\510套化工工艺流程图含393套图例图纸及117套流程图含PID\化工工艺流程图\化工绘图图块图例符号\化工类特性图_标题框\A3空白.dwg"
"A4空白","化工类特性图_标题框","化工类特性图_标题框","化工类特性图_标题框\A4空白.dwg","D:\桌面\510套化工工艺流程图含393套图例图纸及117套流程图含PID\510套化工工艺流程图含393套图例图纸及117套流程图含PID\化工工艺流程图\化工绘图图块图例符号\化工类特性图_标题框\A4空白.dwg"
"_模版_标题框","化工类特性图_标题框","化工类特性图_标题框","化工类特性图_标题框\_模版_标题框.dwg","D:\桌面\510套化工工艺流程图含393套图例图纸及117套流程图含PID\510套化工工艺流程图含393套图例图纸及117套流程图含PID\化工工艺流程图\化工绘图图块图例符号\化工类特性图_标题框\_模版_标题框.dwg"
"一般标高","化工类特性图_标题框","化工类特性图_标题框","化工类特性图_标题框\一般标高.dwg","D:\桌面\510套化工工艺流程图含393套图例图纸及117套流程图含PID\510套化工工艺流程图含393套图例图纸及117套流程图含PID\化工工艺流程图\化工绘图图块图例符号\化工类特性图_标题框\一般标高.dwg"
"井底标高","化工类特性图_标题框","化工类特性图_标题框","化工类特性图_标题框\井底标高.dwg","D:\桌面\510套化工工艺流程图含393套图例图纸及117套流程图含PID\510套化工工艺流程图含393套图例图纸及117套流程图含PID\化工工艺流程图\化工绘图图块图例符号\化工类特性图_标题框\井底标高.dwg"
"介质流向","化工类特性图_标题框","化工类特性图_标题框","化工类特性图_标题框\介质流向.dwg","D:\桌面\510套化工工艺流程图含393套图例图纸及117套流程图含PID\510套化工工艺流程图含393套图例图纸及117套流程图含PID\化工工艺流程图\化工绘图图块图例符号\化工类特性图_标题框\介质流向.dwg"
"其它类特性图_标题栏","化工类特性图_标题框","化工类特性图_标题框","化工类特性图_标题框\其它类特性图_标题栏.dwg","D:\桌面\510套化工工艺流程图含393套图例图纸及117套流程图含PID\510套化工工艺流程图含393套图例图纸及117套流程图含PID\化工工艺流程图\化工绘图图块图例符号\化工类特性图_标题框\其它类特性图_标题栏.dwg"
"反应类特性图_标题框","化工类特性图_标题框","化工类特性图_标题框","化工类特性图_标题框\反应类特性图_标题框.dwg","D:\桌面\510套化工工艺流程图含393套图例图纸及117套流程图含PID\510套化工工艺流程图含393套图例图纸及117套流程图含PID\化工工艺流程图\化工绘图图块图例符号\化工类特性图_标题框\反应类特性图_标题框.dwg"
"填料图_标题栏","化工类特性图_标题框","化工类特性图_标题框","化工类特性图_标题框\填料图_标题栏.dwg","D:\桌面\510套化工工艺流程图含393套图例图纸及117套流程图含PID\510套化工工艺流程图含393套图例图纸及117套流程图含PID\化工工艺流程图\化工绘图图块图例符号\化工类特性图_标题框\填料图_标题栏.dwg"
"墩标注","化工类特性图_标题框","化工类特性图_标题框","化工类特性图_标题框\墩标注.dwg","D:\桌面\510套化工工艺流程图含393套图例图纸及117套流程图含PID\510套化工工艺流程图含393套图例图纸及117套流程图含PID\化工工艺流程图\化工绘图图块图例符号\化工类特性图_标题框\墩标注.dwg"
"建北","化工类特性图_标题框","化工类特性图_标题框","化工类特性图_标题框\建北.dwg","D:\桌面\510套化工工艺流程图含393套图例图纸及117套流程图含PID\510套化工工艺流程图含393套图例图纸及117套流程图含PID\化工工艺流程图\化工绘图图块图例符号\化工类特性图_标题框\建北.dwg"
"截断线k","化工类特性图_标题框","化工类特性图_标题框","化工类特性图_标题框\截断线k.dwg","D:\桌面\510套化工工艺流程图含393套图例图纸及117套流程图含PID\510套化工工艺流程图含393套图例图纸及117套流程图含PID\化工工艺流程图\化工绘图图块图例符号\化工类特性图_标题框\截断线k.dwg"
"技术条件表","化工类特性图_标题框","化工类特性图_标题框","化工类特性图_标题框\技术条件表.dwg","D:\桌面\510套化工工艺流程图含393套图例图纸及117套流程图含PID\510套化工工艺流程图含393套图例图纸及117套流程图含PID\化工工艺流程图\化工绘图图块图例符号\化工类特性图_标题框\技术条件表.dwg"
"控制馏程图例","化工类特性图_标题框","化工类特性图_标题框","化工类特性图_标题框\控制馏程图例.dwg","D:\桌面\510套化工工艺流程图含393套图例图纸及117套流程图含PID\510套化工工艺流程图含393套图例图纸及117套流程图含PID\化工工艺流程图\化工绘图图块图例符号\化工类特性图_标题框\控制馏程图例.dwg"
"架、墩、井顶","化工类特性图_标题框","化工类特性图_标题框","化工类特性图_标题框\架、墩、井顶.dwg","D:\桌面\510套化工工艺流程图含393套图例图纸及117套流程图含PID\510套化工工艺流程图含393套图例图纸及117套流程图含PID\化工工艺流程图\化工绘图图块图例符号\化工类特性图_标题框\架、墩、井顶.dwg"
"架、墩、管底","化工类特性图_标题框","化工类特性图_标题框","化工类特性图_标题框\架、墩、管底.dwg","D:\桌面\510套化工工艺流程图含393套图例图纸及117套流程图含PID\510套化工工艺流程图含393套图例图纸及117套流程图含PID\化工工艺流程图\化工绘图图块图例符号\化工类特性图_标题框\架、墩、管底.dwg"
"标题材料栏","化工类特性图_标题框","化工类特性图_标题框","化工类特性图_标题框\标题材料栏.dwg","D:\桌面\510套化工工艺流程图含393套图例图纸及117套流程图含PID\510套化工工艺流程图含393套图例图纸及117套流程图含PID\化工工艺流程图\化工绘图图块图例符号\化工类特性图_标题框\标题材料栏.dwg"
"标题栏","化工类特性图_标题框","化工类特性图_标题框","化工类特性图_标题框\标题栏.dwg","D:\桌面\510套化工工艺流程图含393套图例图纸及117套流程图含PID\510套化工工艺流程图含393套图例图纸及117套流程图含PID\化工工艺流程图\化工绘图图块图例符号\化工类特性图_标题框\标题栏.dwg"
"界区进出流向","化工类特性图_标题框","化工类特性图_标题框","化工类特性图_标题框\界区进出流向.dwg","D:\桌面\510套化工工艺流程图含393套图例图纸及117套流程图含PID\510套化工工艺流程图含393套图例图纸及117套流程图含PID\化工工艺流程图\化工绘图图块图例符号\化工类特性图_标题框\界区进出流向.dwg"
"管中心","化工类特性图_标题框","化工类特性图_标题框","化工类特性图_标题框\管中心.dwg","D:\桌面\510套化工工艺流程图含393套图例图纸及117套流程图含PID\510套化工工艺流程图含393套图例图纸及117套流程图含PID\化工工艺流程图\化工绘图图块图例符号\化工类特性图_标题框\管中心.dwg"
"管口表","化工类特性图_标题框","化工类特性图_标题框","化工类特性图_标题框\管口表.dwg","D:\桌面\510套化工工艺流程图含393套图例图纸及117套流程图含PID\510套化工工艺流程图含393套图例图纸及117套流程图含PID\化工工艺流程图\化工绘图图块图例符号\化工类特性图_标题框\管口表.dwg"
"管墩","化工类特性图_标题框","化工类特性图_标题框","化工类特性图_标题框\管墩.dwg","D:\桌面\510套化工工艺流程图含393套图例图纸及117套流程图含PID\510套化工工艺流程图含393套图例图纸及117套流程图含PID\化工工艺流程图\化工绘图图块图例符号\化工类特性图_标题框\管墩.dwg"
"网络图结点","化工类特性图_标题框","化工类特性图_标题框","化工类特性图_标题框\网络图结点.dwg","D:\桌面\510套化工工艺流程图含393套图例图纸及117套流程图含PID\510套化工工艺流程图含393套图例图纸及117套流程图含PID\化工工艺流程图\化工绘图图块图例符号\化工类特性图_标题框\网络图结点.dwg"
"设备检验图_标题栏","化工类特性图_标题框","化工类特性图_标题框","化工类特性图_标题框\设备检验图_标题栏.dwg","D:\桌面\510套化工工艺流程图含393套图例图纸及117套流程图含PID\510套化工工艺流程图含393套图例图纸及117套流程图含PID\化工工艺流程图\化工绘图图块图例符号\化工类特性图_标题框\设备检验图_标题栏.dwg"
"轴测偏置","化工类特性图_标题框","化工类特性图_标题框","化工类特性图_标题框\轴测偏置.dwg","D:\桌面\510套化工工艺流程图含393套图例图纸及117套流程图含PID\510套化工工艺流程图含393套图例图纸及117套流程图含PID\化工工艺流程图\化工绘图图块图例符号\化工类特性图_标题框\轴测偏置.dwg"
"轴测方向标","化工类特性图_标题框","化工类特性图_标题框","化工类特性图_标题框\轴测方向标.dwg","D:\桌面\510套化工工艺流程图含393套图例图纸及117套流程图含PID\510套化工工艺流程图含393套图例图纸及117套流程图含PID\化工工艺流程图\化工绘图图块图例符号\化工类特性图_标题框\轴测方向标.dwg"
"阀井","化工类特性图_标题框","化工类特性图_标题框","化工类特性图_标题框\阀井.dwg","D:\桌面\510套化工工艺流程图含393套图例图纸及117套流程图含PID\510套化工工艺流程图含393套图例图纸及117套流程图含PID\化工工艺流程图\化工绘图图块图例符号\化工类特性图_标题框\阀井.dwg"
"隔离图_标题框","化工类特性图_标题框","化工类特性图_标题框","化工类特性图_标题框\隔离图_标题框.dwg","D:\桌面\510套化工工艺流程图含393套图例图纸及117套流程图含PID\510套化工工艺流程图含393套图例图纸及117套流程图含PID\化工工艺流程图\化工绘图图块图例符号\化工类特性图_标题框\隔离图_标题框.dwg"
"馏程图例","化工类特性图_标题框","化工类特性图_标题框","化工类特性图_标题框\馏程图例.dwg","D:\桌面\510套化工工艺流程图含393套图例图纸及117套流程图含PID\510套化工工艺流程图含393套图例图纸及117套流程图含PID\化工工艺流程图\化工绘图图块图例符号\化工类特性图_标题框\馏程图例.dwg"
"TG#11QZHL-起重葫芦","化工类系统组件","化工类系统组件","化工类系统组件\TG#11QZHL-起重葫芦.dwg","D:\桌面\510套化工工艺流程图含393套图例图纸及117套流程图含PID\510套化工工艺流程图含393套图例图纸及117套流程图含PID\化工工艺流程图\化工绘图图块图例符号\化工类系统组件\TG#11QZHL-起重葫芦.dwg"
"TG#3WYLD-污油漏斗","化工类系统组件","化工类系统组件","化工类系统组件\TG#3WYLD-污油漏斗.dwg","D:\桌面\510套化工工艺流程图含393套图例图纸及117套流程图含PID\510套化工工艺流程图含393套图例图纸及117套流程图含PID\化工工艺流程图\化工绘图图块图例符号\化工类系统组件\TG#3WYLD-污油漏斗.dwg"
"TG#3XSQ3-消声器(放大气)","化工类系统组件","化工类系统组件","化工类系统组件\TG#3XSQ3-消声器(放大气).dwg","D:\桌面\510套化工工艺流程图含393套图例图纸及117套流程图含PID\510套化工工艺流程图含393套图例图纸及117套流程图含PID\化工工艺流程图\化工绘图图块图例符号\化工类系统组件\TG#3XSQ3-消声器(放大气).dwg"
"TG#5BLGSJ-TG#5BLGSJ","化工类系统组件","化工类系统组件","化工类系统组件\TG#5BLGSJ-TG#5BLGSJ.dwg","D:\桌面\510套化工工艺流程图含393套图例图纸及117套流程图含PID\510套化工工艺流程图含393套图例图纸及117套流程图含PID\化工工艺流程图\化工绘图图块图例符号\化工类系统组件\TG#5BLGSJ-TG#5BLGSJ.dwg"
"TJRHLQBJ-加热或冷却部件","化工类系统组件","化工类系统组件","化工类系统组件\TJRHLQBJ-加热或冷却部件.dwg","D:\桌面\510套化工工艺流程图含393套图例图纸及117套流程图含PID\510套化工工艺流程图含393套图例图纸及117套流程图含PID\化工工艺流程图\化工绘图图块图例符号\化工类系统组件\TJRHLQBJ-加热或冷却部件.dwg"
"TMain#Lu7-烟道或烟囱挡板","化工类系统组件","化工类系统组件","化工类系统组件\TMain#Lu7-烟道或烟囱挡板.dwg","D:\桌面\510套化工工艺流程图含393套图例图纸及117套流程图含PID\510套化工工艺流程图含393套图例图纸及117套流程图含PID\化工工艺流程图\化工绘图图块图例符号\化工类系统组件\TMain#Lu7-烟道或烟囱挡板.dwg"
"丝网","化工类系统组件","化工类系统组件","化工类系统组件\丝网.dwg","D:\桌面\510套化工工艺流程图含393套图例图纸及117套流程图含PID\510套化工工艺流程图含393套图例图纸及117套流程图含PID\化工工艺流程图\化工绘图图块图例符号\化工类系统组件\丝网.dwg"
"人孔","化工类系统组件","化工类系统组件","化工类系统组件\人孔.dwg","D:\桌面\510套化工工艺流程图含393套图例图纸及117套流程图含PID\510套化工工艺流程图含393套图例图纸及117套流程图含PID\化工工艺流程图\化工绘图图块图例符号\化工类系统组件\人孔.dwg"
"保湿法兰连接","化工类系统组件","化工类系统组件","化工类系统组件\保湿法兰连接.dwg","D:\桌面\510套化工工艺流程图含393套图例图纸及117套流程图含PID\510套化工工艺流程图含393套图例图纸及117套流程图含PID\化工工艺流程图\化工绘图图块图例符号\化工类系统组件\保湿法兰连接.dwg"
"公用工程站","化工类系统组件","化工类系统组件","化工类系统组件\公用工程站.dwg","D:\桌面\510套化工工艺流程图含393套图例图纸及117套流程图含PID\510套化工工艺流程图含393套图例图纸及117套流程图含PID\化工工艺流程图\化工绘图图块图例符号\化工类系统组件\公用工程站.dwg"
"可移动线","化工类系统组件","化工类系统组件","化工类系统组件\可移动线.dwg","D:\桌面\510套化工工艺流程图含393套图例图纸及117套流程图含PID\510套化工工艺流程图含393套图例图纸及117套流程图含PID\化工工艺流程图\化工绘图图块图例符号\化工类系统组件\可移动线.dwg"
"吸气罩","化工类系统组件","化工类系统组件","化工类系统组件\吸气罩.dwg","D:\桌面\510套化工工艺流程图含393套图例图纸及117套流程图含PID\510套化工工艺流程图含393套图例图纸及117套流程图含PID\化工工艺流程图\化工绘图图块图例符号\化工类系统组件\吸气罩.dwg"
"坡道","化工类系统组件","化工类系统组件","化工类系统组件\坡道.dwg","D:\桌面\510套化工工艺流程图含393套图例图纸及117套流程图含PID\510套化工工艺流程图含393套图例图纸及117套流程图含PID\化工工艺流程图\化工绘图图块图例符号\化工类系统组件\坡道.dwg"
"填料1","化工类系统组件","化工类系统组件","化工类系统组件\填料1.dwg","D:\桌面\510套化工工艺流程图含393套图例图纸及117套流程图含PID\510套化工工艺流程图含393套图例图纸及117套流程图含PID\化工工艺流程图\化工绘图图块图例符号\化工类系统组件\填料1.dwg"
"填料2","化工类系统组件","化工类系统组件","化工类系统组件\填料2.dwg","D:\桌面\510套化工工艺流程图含393套图例图纸及117套流程图含PID\510套化工工艺流程图含393套图例图纸及117套流程图含PID\化工工艺流程图\化工绘图图块图例符号\化工类系统组件\填料2.dwg"
"大小头","化工类系统组件","化工类系统组件","化工类系统组件\大小头.dwg","D:\桌面\510套化工工艺流程图含393套图例图纸及117套流程图含PID\510套化工工艺流程图含393套图例图纸及117套流程图含PID\化工工艺流程图\化工绘图图块图例符号\化工类系统组件\大小头.dwg"
"导淋","化工类系统组件","化工类系统组件","化工类系统组件\导淋.dwg","D:\桌面\510套化工工艺流程图含393套图例图纸及117套流程图含PID\510套化工工艺流程图含393套图例图纸及117套流程图含PID\化工工艺流程图\化工绘图图块图例符号\化工类系统组件\导淋.dwg"
"干式气柜","化工类系统组件","化工类系统组件","化工类系统组件\干式气柜.dwg","D:\桌面\510套化工工艺流程图含393套图例图纸及117套流程图含PID\510套化工工艺流程图含393套图例图纸及117套流程图含PID\化工工艺流程图\化工绘图图块图例符号\化工类系统组件\干式气柜.dwg"
"平流式隔油池","化工类系统组件","化工类系统组件","化工类系统组件\平流式隔油池.dwg","D:\桌面\510套化工工艺流程图含393套图例图纸及117套流程图含PID\510套化工工艺流程图含393套图例图纸及117套流程图含PID\化工工艺流程图\化工绘图图块图例符号\化工类系统组件\平流式隔油池.dwg"
"废气排放头","化工类系统组件","化工类系统组件","化工类系统组件\废气排放头.dwg","D:\桌面\510套化工工艺流程图含393套图例图纸及117套流程图含PID\510套化工工艺流程图含393套图例图纸及117套流程图含PID\化工工艺流程图\化工绘图图块图例符号\化工类系统组件\废气排放头.dwg"
"接入点","化工类系统组件","化工类系统组件","化工类系统组件\接入点.dwg","D:\桌面\510套化工工艺流程图含393套图例图纸及117套流程图含PID\510套化工工艺流程图含393套图例图纸及117套流程图含PID\化工工艺流程图\化工绘图图块图例符号\化工类系统组件\接入点.dwg"
"故障关闭","化工类系统组件","化工类系统组件","化工类系统组件\故障关闭.dwg","D:\桌面\510套化工工艺流程图含393套图例图纸及117套流程图含PID\510套化工工艺流程图含393套图例图纸及117套流程图含PID\化工工艺流程图\化工绘图图块图例符号\化工类系统组件\故障关闭.dwg"
"故障打开","化工类系统组件","化工类系统组件","化工类系统组件\故障打开.dwg","D:\桌面\510套化工工艺流程图含393套图例图纸及117套流程图含PID\510套化工工艺流程图含393套图例图纸及117套流程图含PID\化工工艺流程图\化工绘图图块图例符号\化工类系统组件\故障打开.dwg"
"文丘里喷嘴","化工类系统组件","化工类系统组件","化工类系统组件\文丘里喷嘴.dwg","D:\桌面\510套化工工艺流程图含393套图例图纸及117套流程图含PID\510套化工工艺流程图含393套图例图纸及117套流程图含PID\化工工艺流程图\化工绘图图块图例符号\化工类系统组件\文丘里喷嘴.dwg"
"料斗","化工类系统组件","化工类系统组件","化工类系统组件\料斗.dwg","D:\桌面\510套化工工艺流程图含393套图例图纸及117套流程图含PID\510套化工工艺流程图含393套图例图纸及117套流程图含PID\化工工艺流程图\化工绘图图块图例符号\化工类系统组件\料斗.dwg"
"斜板式隔油池","化工类系统组件","化工类系统组件","化工类系统组件\斜板式隔油池.dwg","D:\桌面\510套化工工艺流程图含393套图例图纸及117套流程图含PID\510套化工工艺流程图含393套图例图纸及117套流程图含PID\化工工艺流程图\化工绘图图块图例符号\化工类系统组件\斜板式隔油池.dwg"
"池槽坑","化工类系统组件","化工类系统组件","化工类系统组件\池槽坑.dwg","D:\桌面\510套化工工艺流程图含393套图例图纸及117套流程图含PID\510套化工工艺流程图含393套图例图纸及117套流程图含PID\化工工艺流程图\化工绘图图块图例符号\化工类系统组件\池槽坑.dwg"
"沟渠","化工类系统组件","化工类系统组件","化工类系统组件\沟渠.dwg","D:\桌面\510套化工工艺流程图含393套图例图纸及117套流程图含PID\510套化工工艺流程图含393套图例图纸及117套流程图含PID\化工工艺流程图\化工绘图图块图例符号\化工类系统组件\沟渠.dwg"
"波纹膨胀节","化工类系统组件","化工类系统组件","化工类系统组件\波纹膨胀节.dwg","D:\桌面\510套化工工艺流程图含393套图例图纸及117套流程图含PID\510套化工工艺流程图含393套图例图纸及117套流程图含PID\化工工艺流程图\化工绘图图块图例符号\化工类系统组件\波纹膨胀节.dwg"
"流量计","化工类系统组件","化工类系统组件","化工类系统组件\流量计.dwg","D:\桌面\510套化工工艺流程图含393套图例图纸及117套流程图含PID\510套化工工艺流程图含393套图例图纸及117套流程图含PID\化工工艺流程图\化工绘图图块图例符号\化工类系统组件\流量计.dwg"
"消声器1","化工类系统组件","化工类系统组件","化工类系统组件\消声器1.dwg","D:\桌面\510套化工工艺流程图含393套图例图纸及117套流程图含PID\510套化工工艺流程图含393套图例图纸及117套流程图含PID\化工工艺流程图\化工绘图图块图例符号\化工类系统组件\消声器1.dwg"
"消声器2","化工类系统组件","化工类系统组件","化工类系统组件\消声器2.dwg","D:\桌面\510套化工工艺流程图含393套图例图纸及117套流程图含PID\510套化工工艺流程图含393套图例图纸及117套流程图含PID\化工工艺流程图\化工绘图图块图例符号\化工类系统组件\消声器2.dwg"
"消火栓","化工类系统组件","化工类系统组件","化工类系统组件\消火栓.dwg","D:\桌面\510套化工工艺流程图含393套图例图纸及117套流程图含PID\510套化工工艺流程图含393套图例图纸及117套流程图含PID\化工工艺流程图\化工绘图图块图例符号\化工类系统组件\消火栓.dwg"
"消防水带","化工类系统组件","化工类系统组件","化工类系统组件\消防水带.dwg","D:\桌面\510套化工工艺流程图含393套图例图纸及117套流程图含PID\510套化工工艺流程图含393套图例图纸及117套流程图含PID\化工工艺流程图\化工绘图图块图例符号\化工类系统组件\消防水带.dwg"
"液流视镜","化工类系统组件","化工类系统组件","化工类系统组件\液流视镜.dwg","D:\桌面\510套化工工艺流程图含393套图例图纸及117套流程图含PID\510套化工工艺流程图含393套图例图纸及117套流程图含PID\化工工艺流程图\化工绘图图块图例符号\化工类系统组件\液流视镜.dwg"
"漏斗(封闭)","化工类系统组件","化工类系统组件","化工类系统组件\漏斗(封闭).dwg","D:\桌面\510套化工工艺流程图含393套图例图纸及117套流程图含PID\510套化工工艺流程图含393套图例图纸及117套流程图含PID\化工工艺流程图\化工绘图图块图例符号\化工类系统组件\漏斗(封闭).dwg"
"漏斗","化工类系统组件","化工类系统组件","化工类系统组件\漏斗.dwg","D:\桌面\510套化工工艺流程图含393套图例图纸及117套流程图含PID\510套化工工艺流程图含393套图例图纸及117套流程图含PID\化工工艺流程图\化工绘图图块图例符号\化工类系统组件\漏斗.dwg"
"焊接连接","化工类系统组件","化工类系统组件","化工类系统组件\焊接连接.dwg","D:\桌面\510套化工工艺流程图含393套图例图纸及117套流程图含PID\510套化工工艺流程图含393套图例图纸及117套流程图含PID\化工工艺流程图\化工绘图图块图例符号\化工类系统组件\焊接连接.dwg"
"爆燃阻火器","化工类系统组件","化工类系统组件","化工类系统组件\爆燃阻火器.dwg","D:\桌面\510套化工工艺流程图含393套图例图纸及117套流程图含PID\510套化工工艺流程图含393套图例图纸及117套流程图含PID\化工工艺流程图\化工绘图图块图例符号\化工类系统组件\爆燃阻火器.dwg"
"爆破片（压力式）","化工类系统组件","化工类系统组件","化工类系统组件\爆破片（压力式）.dwg","D:\桌面\510套化工工艺流程图含393套图例图纸及117套流程图含PID\510套化工工艺流程图含393套图例图纸及117套流程图含PID\化工工艺流程图\化工绘图图块图例符号\化工类系统组件\爆破片（压力式）.dwg"
"爆破片（真空式）","化工类系统组件","化工类系统组件","化工类系统组件\爆破片（真空式）.dwg","D:\桌面\510套化工工艺流程图含393套图例图纸及117套流程图含PID\510套化工工艺流程图含393套图例图纸及117套流程图含PID\化工工艺流程图\化工绘图图块图例符号\化工类系统组件\爆破片（真空式）.dwg"
"磅秤","化工类系统组件","化工类系统组件","化工类系统组件\磅秤.dwg","D:\桌面\510套化工工艺流程图含393套图例图纸及117套流程图含PID\510套化工工艺流程图含393套图例图纸及117套流程图含PID\化工工艺流程图\化工绘图图块图例符号\化工类系统组件\磅秤.dwg"
"膨胀节1","化工类系统组件","化工类系统组件","化工类系统组件\膨胀节1.dwg","D:\桌面\510套化工工艺流程图含393套图例图纸及117套流程图含PID\510套化工工艺流程图含393套图例图纸及117套流程图含PID\化工工艺流程图\化工绘图图块图例符号\化工类系统组件\膨胀节1.dwg"
"膨胀节2","化工类系统组件","化工类系统组件","化工类系统组件\膨胀节2.dwg","D:\桌面\510套化工工艺流程图含393套图例图纸及117套流程图含PID\510套化工工艺流程图含393套图例图纸及117套流程图含PID\化工工艺流程图\化工绘图图块图例符号\化工类系统组件\膨胀节2.dwg"
"自力式压力调节","化工类系统组件","化工类系统组件","化工类系统组件\自力式压力调节.dwg","D:\桌面\510套化工工艺流程图含393套图例图纸及117套流程图含PID\510套化工工艺流程图含393套图例图纸及117套流程图含PID\化工工艺流程图\化工绘图图块图例符号\化工类系统组件\自力式压力调节.dwg"
"自力式压差调节","化工类系统组件","化工类系统组件","化工类系统组件\自力式压差调节.dwg","D:\桌面\510套化工工艺流程图含393套图例图纸及117套流程图含PID\510套化工工艺流程图含393套图例图纸及117套流程图含PID\化工工艺流程图\化工绘图图块图例符号\化工类系统组件\自力式压差调节.dwg"
"自力式温度调节","化工类系统组件","化工类系统组件","化工类系统组件\自力式温度调节.dwg","D:\桌面\510套化工工艺流程图含393套图例图纸及117套流程图含PID\510套化工工艺流程图含393套图例图纸及117套流程图含PID\化工工艺流程图\化工绘图图块图例符号\化工类系统组件\自力式温度调节.dwg"
"视镜视钟","化工类系统组件","化工类系统组件","化工类系统组件\视镜视钟.dwg","D:\桌面\510套化工工艺流程图含393套图例图纸及117套流程图含PID\510套化工工艺流程图含393套图例图纸及117套流程图含PID\化工工艺流程图\化工绘图图块图例符号\化工类系统组件\视镜视钟.dwg"
"轻便车(一)","化工类系统组件","化工类系统组件","化工类系统组件\轻便车(一).dwg","D:\桌面\510套化工工艺流程图含393套图例图纸及117套流程图含PID\510套化工工艺流程图含393套图例图纸及117套流程图含PID\化工工艺流程图\化工绘图图块图例符号\化工类系统组件\轻便车(一).dwg"
"轻便车(二)","化工类系统组件","化工类系统组件","化工类系统组件\轻便车(二).dwg","D:\桌面\510套化工工艺流程图含393套图例图纸及117套流程图含PID\510套化工工艺流程图含393套图例图纸及117套流程图含PID\化工工艺流程图\化工绘图图块图例符号\化工类系统组件\轻便车(二).dwg"
"逻辑控制标示符","化工类系统组件","化工类系统组件","化工类系统组件\逻辑控制标示符.dwg","D:\桌面\510套化工工艺流程图含393套图例图纸及117套流程图含PID\510套化工工艺流程图含393套图例图纸及117套流程图含PID\化工工艺流程图\化工绘图图块图例符号\化工类系统组件\逻辑控制标示符.dwg"
"采油树","化工类系统组件","化工类系统组件","化工类系统组件\采油树.dwg","D:\桌面\510套化工工艺流程图含393套图例图纸及117套流程图含PID\510套化工工艺流程图含393套图例图纸及117套流程图含PID\化工工艺流程图\化工绘图图块图例符号\化工类系统组件\采油树.dwg"
"锻造孔板","化工类系统组件","化工类系统组件","化工类系统组件\锻造孔板.dwg","D:\桌面\510套化工工艺流程图含393套图例图纸及117套流程图含PID\510套化工工艺流程图含393套图例图纸及117套流程图含PID\化工工艺流程图\化工绘图图块图例符号\化工类系统组件\锻造孔板.dwg"
"阻火器","化工类系统组件","化工类系统组件","化工类系统组件\阻火器.dwg","D:\桌面\510套化工工艺流程图含393套图例图纸及117套流程图含PID\510套化工工艺流程图含393套图例图纸及117套流程图含PID\化工工艺流程图\化工绘图图块图例符号\化工类系统组件\阻火器.dwg"
"阻火器1","化工类系统组件","化工类系统组件","化工类系统组件\阻火器1.dwg","D:\桌面\510套化工工艺流程图含393套图例图纸及117套流程图含PID\510套化工工艺流程图含393套图例图纸及117套流程图含PID\化工工艺流程图\化工绘图图块图例符号\化工类系统组件\阻火器1.dwg"
"阻火器2","化工类系统组件","化工类系统组件","化工类系统组件\阻火器2.dwg","D:\桌面\510套化工工艺流程图含393套图例图纸及117套流程图含PID\510套化工工艺流程图含393套图例图纸及117套流程图含PID\化工工艺流程图\化工绘图图块图例符号\化工类系统组件\阻火器2.dwg"
"限流孔板（单板）","化工类系统组件","化工类系统组件","化工类系统组件\限流孔板（单板）.dwg","D:\桌面\510套化工工艺流程图含393套图例图纸及117套流程图含PID\510套化工工艺流程图含393套图例图纸及117套流程图含PID\化工工艺流程图\化工绘图图块图例符号\化工类系统组件\限流孔板（单板）.dwg"
"限流孔板（多板）","化工类系统组件","化工类系统组件","化工类系统组件\限流孔板（多板）.dwg","D:\桌面\510套化工工艺流程图含393套图例图纸及117套流程图含PID\510套化工工艺流程图含393套图例图纸及117套流程图含PID\化工工艺流程图\化工绘图图块图例符号\化工类系统组件\限流孔板（多板）.dwg"
"加热器","化工类设备图块","化工类设备图块","化工类设备图块\加热器.dwg","D:\桌面\510套化工工艺流程图含393套图例图纸及117套流程图含PID\510套化工工艺流程图含393套图例图纸及117套流程图含PID\化工工艺流程图\化工绘图图块图例符号\化工类设备图块\加热器.dwg"
"反应塔","化工类设备图块","化工类设备图块","化工类设备图块\反应塔.dwg","D:\桌面\510套化工工艺流程图含393套图例图纸及117套流程图含PID\510套化工工艺流程图含393套图例图纸及117套流程图含PID\化工工艺流程图\化工绘图图块图例符号\化工类设备图块\反应塔.dwg"
"反应釜","化工类设备图块","化工类设备图块","化工类设备图块\反应釜.dwg","D:\桌面\510套化工工艺流程图含393套图例图纸及117套流程图含PID\510套化工工艺流程图含393套图例图纸及117套流程图含PID\化工工艺流程图\化工绘图图块图例符号\化工类设备图块\反应釜.dwg"
"容器","化工类设备图块","化工类设备图块","化工类设备图块\容器.dwg","D:\桌面\510套化工工艺流程图含393套图例图纸及117套流程图含PID\510套化工工艺流程图含393套图例图纸及117套流程图含PID\化工工艺流程图\化工绘图图块图例符号\化工类设备图块\容器.dwg"
"换热器","化工类设备图块","化工类设备图块","化工类设备图块\换热器.dwg","D:\桌面\510套化工工艺流程图含393套图例图纸及117套流程图含PID\510套化工工艺流程图含393套图例图纸及117套流程图含PID\化工工艺流程图\化工绘图图块图例符号\化工类设备图块\换热器.dwg"
"控制点","化工类设备图块","化工类设备图块","化工类设备图块\控制点.dwg","D:\桌面\510套化工工艺流程图含393套图例图纸及117套流程图含PID\510套化工工艺流程图含393套图例图纸及117套流程图含PID\化工工艺流程图\化工绘图图块图例符号\化工类设备图块\控制点.dwg"
"方向、方位","化工类设备图块","化工类设备图块","化工类设备图块\方向、方位.dwg","D:\桌面\510套化工工艺流程图含393套图例图纸及117套流程图含PID\510套化工工艺流程图含393套图例图纸及117套流程图含PID\化工工艺流程图\化工绘图图块图例符号\化工类设备图块\方向、方位.dwg"
"液体传动","化工类设备图块","化工类设备图块","化工类设备图块\液体传动.dwg","D:\桌面\510套化工工艺流程图含393套图例图纸及117套流程图含PID\510套化工工艺流程图含393套图例图纸及117套流程图含PID\化工工艺流程图\化工绘图图块图例符号\化工类设备图块\液体传动.dwg"
"管道支、吊架图","化工类设备图块","化工类设备图块","化工类设备图块\管道支、吊架图.dwg","D:\桌面\510套化工工艺流程图含393套图例图纸及117套流程图含PID\510套化工工艺流程图含393套图例图纸及117套流程图含PID\化工工艺流程图\化工绘图图块图例符号\化工类设备图块\管道支、吊架图.dwg"
"自动阀","化工类设备图块","化工类设备图块","化工类设备图块\自动阀.dwg","D:\桌面\510套化工工艺流程图含393套图例图纸及117套流程图含PID\510套化工工艺流程图含393套图例图纸及117套流程图含PID\化工工艺流程图\化工绘图图块图例符号\化工类设备图块\自动阀.dwg"
"设备图块","化工类设备图块","化工类设备图块","化工类设备图块\设备图块.dwg","D:\桌面\510套化工工艺流程图含393套图例图纸及117套流程图含PID\510套化工工艺流程图含393套图例图纸及117套流程图含PID\化工工艺流程图\化工绘图图块图例符号\化工类设备图块\设备图块.dwg"
"运转设备","化工类设备图块","化工类设备图块","化工类设备图块\运转设备.dwg","D:\桌面\510套化工工艺流程图含393套图例图纸及117套流程图含PID\510套化工工艺流程图含393套图例图纸及117套流程图含PID\化工工艺流程图\化工绘图图块图例符号\化工类设备图块\运转设备.dwg"
"运输管道","化工类设备图块","化工类设备图块","化工类设备图块\运输管道.dwg","D:\桌面\510套化工工艺流程图含393套图例图纸及117套流程图含PID\510套化工工艺流程图含393套图例图纸及117套流程图含PID\化工工艺流程图\化工绘图图块图例符号\化工类设备图块\运输管道.dwg"
"非自动阀门","化工类设备图块","化工类设备图块","化工类设备图块\非自动阀门.dwg","D:\桌面\510套化工工艺流程图含393套图例图纸及117套流程图含PID\510套化工工艺流程图含393套图例图纸及117套流程图含PID\化工工艺流程图\化工绘图图块图例符号\化工类设备图块\非自动阀门.dwg"
"化工绘图图例","化工绘图图例","化工绘图图例","化工绘图图例\化工绘图图例.dwg","D:\桌面\510套化工工艺流程图含393套图例图纸及117套流程图含PID\510套化工工艺流程图含393套图例图纸及117套流程图含PID\化工工艺流程图\化工绘图图块图例符号\化工绘图图例\化工绘图图例.dwg"
"孔眼简化画法","化工绘图图例","化工绘图图例","化工绘图图例\孔眼简化画法.dwg","D:\桌面\510套化工工艺流程图含393套图例图纸及117套流程图含PID\510套化工工艺流程图含393套图例图纸及117套流程图含PID\化工工艺流程图\化工绘图图块图例符号\化工绘图图例\孔眼简化画法.dwg"
"平螺母","化工绘图图例","化工绘图图例","化工绘图图例\平螺母.dwg","D:\桌面\510套化工工艺流程图含393套图例图纸及117套流程图含PID\510套化工工艺流程图含393套图例图纸及117套流程图含PID\化工工艺流程图\化工绘图图块图例符号\化工绘图图例\平螺母.dwg"
"法兰","化工绘图图例","化工绘图图例","化工绘图图例\法兰.dwg","D:\桌面\510套化工工艺流程图含393套图例图纸及117套流程图含PID\510套化工工艺流程图含393套图例图纸及117套流程图含PID\化工工艺流程图\化工绘图图块图例符号\化工绘图图例\法兰.dwg"
"涂层","化工绘图图例","化工绘图图例","化工绘图图例\涂层.dwg","D:\桌面\510套化工工艺流程图含393套图例图纸及117套流程图含PID\510套化工工艺流程图含393套图例图纸及117套流程图含PID\化工工艺流程图\化工绘图图块图例符号\化工绘图图例\涂层.dwg"
"焊缝形式","化工绘图图例","化工绘图图例","化工绘图图例\焊缝形式.dwg","D:\桌面\510套化工工艺流程图含393套图例图纸及117套流程图含PID\510套化工工艺流程图含393套图例图纸及117套流程图含PID\化工工艺流程图\化工绘图图块图例符号\化工绘图图例\焊缝形式.dwg"
"焊缝标注法","化工绘图图例","化工绘图图例","化工绘图图例\焊缝标注法.dwg","D:\桌面\510套化工工艺流程图含393套图例图纸及117套流程图含PID\510套化工工艺流程图含393套图例图纸及117套流程图含PID\化工工艺流程图\化工绘图图块图例符号\化工绘图图例\焊缝标注法.dwg"
"焊缝符号及图示","化工绘图图例","化工绘图图例","化工绘图图例\焊缝符号及图示.dwg","D:\桌面\510套化工工艺流程图含393套图例图纸及117套流程图含PID\510套化工工艺流程图含393套图例图纸及117套流程图含PID\化工工艺流程图\化工绘图图块图例符号\化工绘图图例\焊缝符号及图示.dwg"
"管柱","化工绘图图例","化工绘图图例","化工绘图图例\管柱.dwg","D:\桌面\510套化工工艺流程图含393套图例图纸及117套流程图含PID\510套化工工艺流程图含393套图例图纸及117套流程图含PID\化工工艺流程图\化工绘图图块图例符号\化工绘图图例\管柱.dwg"
"衬层","化工绘图图例","化工绘图图例","化工绘图图例\衬层.dwg","D:\桌面\510套化工工艺流程图含393套图例图纸及117套流程图含PID\510套化工工艺流程图含393套图例图纸及117套流程图含PID\化工工艺流程图\化工绘图图块图例符号\化工绘图图例\衬层.dwg"
"角钢","化工绘图图例","化工绘图图例","化工绘图图例\角钢.dwg","D:\桌面\510套化工工艺流程图含393套图例图纸及117套流程图含PID\510套化工工艺流程图含393套图例图纸及117套流程图含PID\化工工艺流程图\化工绘图图块图例符号\化工绘图图例\角钢.dwg"
"PLC控制仪表","化工设备外型图块","化工设备外型图块","化工设备外型图块\PLC控制仪表.dwg","D:\桌面\510套化工工艺流程图含393套图例图纸及117套流程图含PID\510套化工工艺流程图含393套图例图纸及117套流程图含PID\化工工艺流程图\化工绘图图块图例符号\化工设备外型图块\PLC控制仪表.dwg"
"Y型过滤器","化工设备外型图块","化工设备外型图块","化工设备外型图块\Y型过滤器.dwg","D:\桌面\510套化工工艺流程图含393套图例图纸及117套流程图含PID\510套化工工艺流程图含393套图例图纸及117套流程图含PID\化工工艺流程图\化工绘图图块图例符号\化工设备外型图块\Y型过滤器.dwg"
"三足式离心机","化工设备外型图块","化工设备外型图块","化工设备外型图块\三足式离心机.dwg","D:\桌面\510套化工工艺流程图含393套图例图纸及117套流程图含PID\510套化工工艺流程图含393套图例图纸及117套流程图含PID\化工工艺流程图\化工绘图图块图例符号\化工设备外型图块\三足式离心机.dwg"
"三通调节阀","化工设备外型图块","化工设备外型图块","化工设备外型图块\三通调节阀.dwg","D:\桌面\510套化工工艺流程图含393套图例图纸及117套流程图含PID\510套化工工艺流程图含393套图例图纸及117套流程图含PID\化工工艺流程图\化工绘图图块图例符号\化工设备外型图块\三通调节阀.dwg"
"保温保冷管","化工设备外型图块","化工设备外型图块","化工设备外型图块\保温保冷管.dwg","D:\桌面\510套化工工艺流程图含393套图例图纸及117套流程图含PID\510套化工工艺流程图含393套图例图纸及117套流程图含PID\化工工艺流程图\化工绘图图块图例符号\化工设备外型图块\保温保冷管.dwg"
"偏心异径管","化工设备外型图块","化工设备外型图块","化工设备外型图块\偏心异径管.dwg","D:\桌面\510套化工工艺流程图含393套图例图纸及117套流程图含PID\510套化工工艺流程图含393套图例图纸及117套流程图含PID\化工工艺流程图\化工绘图图块图例符号\化工设备外型图块\偏心异径管.dwg"
"减压阀","化工设备外型图块","化工设备外型图块","化工设备外型图块\减压阀.dwg","D:\桌面\510套化工工艺流程图含393套图例图纸及117套流程图含PID\510套化工工艺流程图含393套图例图纸及117套流程图含PID\化工工艺流程图\化工绘图图块图例符号\化工设备外型图块\减压阀.dwg"
"减速机（不含电机）","化工设备外型图块","化工设备外型图块","化工设备外型图块\减速机（不含电机）.dwg","D:\桌面\510套化工工艺流程图含393套图例图纸及117套流程图含PID\510套化工工艺流程图含393套图例图纸及117套流程图含PID\化工工艺流程图\化工绘图图块图例符号\化工设备外型图块\减速机（不含电机）.dwg"
"列管式冷凝器","化工设备外型图块","化工设备外型图块","化工设备外型图块\列管式冷凝器.dwg","D:\桌面\510套化工工艺流程图含393套图例图纸及117套流程图含PID\510套化工工艺流程图含393套图例图纸及117套流程图含PID\化工工艺流程图\化工绘图图块图例符号\化工设备外型图块\列管式冷凝器.dwg"
"升降式止逆阀","化工设备外型图块","化工设备外型图块","化工设备外型图块\升降式止逆阀.dwg","D:\桌面\510套化工工艺流程图含393套图例图纸及117套流程图含PID\510套化工工艺流程图含393套图例图纸及117套流程图含PID\化工工艺流程图\化工绘图图块图例符号\化工设备外型图块\升降式止逆阀.dwg"
"单向阀","化工设备外型图块","化工设备外型图块","化工设备外型图块\单向阀.dwg","D:\桌面\510套化工工艺流程图含393套图例图纸及117套流程图含PID\510套化工工艺流程图含393套图例图纸及117套流程图含PID\化工工艺流程图\化工绘图图块图例符号\化工设备外型图块\单向阀.dwg"
"卧式储罐","化工设备外型图块","化工设备外型图块","化工设备外型图块\卧式储罐.dwg","D:\桌面\510套化工工艺流程图含393套图例图纸及117套流程图含PID\510套化工工艺流程图含393套图例图纸及117套流程图含PID\化工工艺流程图\化工绘图图块图例符号\化工设备外型图块\卧式储罐.dwg"
"卫生级磁力泵","化工设备外型图块","化工设备外型图块","化工设备外型图块\卫生级磁力泵.dwg","D:\桌面\510套化工工艺流程图含393套图例图纸及117套流程图含PID\510套化工工艺流程图含393套图例图纸及117套流程图含PID\化工工艺流程图\化工绘图图块图例符号\化工设备外型图块\卫生级磁力泵.dwg"
"压力表","化工设备外型图块","化工设备外型图块","化工设备外型图块\压力表.dwg","D:\桌面\510套化工工艺流程图含393套图例图纸及117套流程图含PID\510套化工工艺流程图含393套图例图纸及117套流程图含PID\化工工艺流程图\化工绘图图块图例符号\化工设备外型图块\压力表.dwg"
"反应釜","化工设备外型图块","化工设备外型图块","化工设备外型图块\反应釜.dwg","D:\桌面\510套化工工艺流程图含393套图例图纸及117套流程图含PID\510套化工工艺流程图含393套图例图纸及117套流程图含PID\化工工艺流程图\化工绘图图块图例符号\化工设备外型图块\反应釜.dwg"
"反应釜（俯视）","化工设备外型图块","化工设备外型图块","化工设备外型图块\反应釜（俯视）.dwg","D:\桌面\510套化工工艺流程图含393套图例图纸及117套流程图含PID\510套化工工艺流程图含393套图例图纸及117套流程图含PID\化工工艺流程图\化工绘图图块图例符号\化工设备外型图块\反应釜（俯视）.dwg"
"反应釜（剖面）","化工设备外型图块","化工设备外型图块","化工设备外型图块\反应釜（剖面）.dwg","D:\桌面\510套化工工艺流程图含393套图例图纸及117套流程图含PID\510套化工工艺流程图含393套图例图纸及117套流程图含PID\化工工艺流程图\化工绘图图块图例符号\化工设备外型图块\反应釜（剖面）.dwg"
"取样阀","化工设备外型图块","化工设备外型图块","化工设备外型图块\取样阀.dwg","D:\桌面\510套化工工艺流程图含393套图例图纸及117套流程图含PID\510套化工工艺流程图含393套图例图纸及117套流程图含PID\化工工艺流程图\化工绘图图块图例符号\化工设备外型图块\取样阀.dwg"
"同心异径管","化工设备外型图块","化工设备外型图块","化工设备外型图块\同心异径管.dwg","D:\桌面\510套化工工艺流程图含393套图例图纸及117套流程图含PID\510套化工工艺流程图含393套图例图纸及117套流程图含PID\化工工艺流程图\化工绘图图块图例符号\化工设备外型图块\同心异径管.dwg"
"呼吸阀","化工设备外型图块","化工设备外型图块","化工设备外型图块\呼吸阀.dwg","D:\桌面\510套化工工艺流程图含393套图例图纸及117套流程图含PID\510套化工工艺流程图含393套图例图纸及117套流程图含PID\化工工艺流程图\化工绘图图块图例符号\化工设备外型图块\呼吸阀.dwg"
"喷淋管","化工设备外型图块","化工设备外型图块","化工设备外型图块\喷淋管.dwg","D:\桌面\510套化工工艺流程图含393套图例图纸及117套流程图含PID\510套化工工艺流程图含393套图例图纸及117套流程图含PID\化工工艺流程图\化工绘图图块图例符号\化工设备外型图块\喷淋管.dwg"
"存水弯头","化工设备外型图块","化工设备外型图块","化工设备外型图块\存水弯头.dwg","D:\桌面\510套化工工艺流程图含393套图例图纸及117套流程图含PID\510套化工工艺流程图含393套图例图纸及117套流程图含PID\化工工艺流程图\化工绘图图块图例符号\化工设备外型图块\存水弯头.dwg"
"安全阀","化工设备外型图块","化工设备外型图块","化工设备外型图块\安全阀.dwg","D:\桌面\510套化工工艺流程图含393套图例图纸及117套流程图含PID\510套化工工艺流程图含393套图例图纸及117套流程图含PID\化工工艺流程图\化工绘图图块图例符号\化工设备外型图块\安全阀.dwg"
"带搅拌反应罐","化工设备外型图块","化工设备外型图块","化工设备外型图块\带搅拌反应罐.dwg","D:\桌面\510套化工工艺流程图含393套图例图纸及117套流程图含PID\510套化工工艺流程图含393套图例图纸及117套流程图含PID\化工工艺流程图\化工绘图图块图例符号\化工设备外型图块\带搅拌反应罐.dwg"
"快速接头","化工设备外型图块","化工设备外型图块","化工设备外型图块\快速接头.dwg","D:\桌面\510套化工工艺流程图含393套图例图纸及117套流程图含PID\510套化工工艺流程图含393套图例图纸及117套流程图含PID\化工工艺流程图\化工绘图图块图例符号\化工设备外型图块\快速接头.dwg"
"截止阀","化工设备外型图块","化工设备外型图块","化工设备外型图块\截止阀.dwg","D:\桌面\510套化工工艺流程图含393套图例图纸及117套流程图含PID\510套化工工艺流程图含393套图例图纸及117套流程图含PID\化工工艺流程图\化工绘图图块图例符号\化工设备外型图块\截止阀.dwg"
"放空管","化工设备外型图块","化工设备外型图块","化工设备外型图块\放空管.dwg","D:\桌面\510套化工工艺流程图含393套图例图纸及117套流程图含PID\510套化工工艺流程图含393套图例图纸及117套流程图含PID\化工工艺流程图\化工绘图图块图例符号\化工设备外型图块\放空管.dwg"
"旋启式止逆阀","化工设备外型图块","化工设备外型图块","化工设备外型图块\旋启式止逆阀.dwg","D:\桌面\510套化工工艺流程图含393套图例图纸及117套流程图含PID\510套化工工艺流程图含393套图例图纸及117套流程图含PID\化工工艺流程图\化工绘图图块图例符号\化工设备外型图块\旋启式止逆阀.dwg"
"普通储罐","化工设备外型图块","化工设备外型图块","化工设备外型图块\普通储罐.dwg","D:\桌面\510套化工工艺流程图含393套图例图纸及117套流程图含PID\510套化工工艺流程图含393套图例图纸及117套流程图含PID\化工工艺流程图\化工绘图图块图例符号\化工设备外型图块\普通储罐.dwg"
"柱塞阀","化工设备外型图块","化工设备外型图块","化工设备外型图块\柱塞阀.dwg","D:\桌面\510套化工工艺流程图含393套图例图纸及117套流程图含PID\510套化工工艺流程图含393套图例图纸及117套流程图含PID\化工工艺流程图\化工绘图图块图例符号\化工设备外型图块\柱塞阀.dwg"
"止回阀","化工设备外型图块","化工设备外型图块","化工设备外型图块\止回阀.dwg","D:\桌面\510套化工工艺流程图含393套图例图纸及117套流程图含PID\510套化工工艺流程图含393套图例图纸及117套流程图含PID\化工工艺流程图\化工绘图图块图例符号\化工设备外型图块\止回阀.dwg"
"气动阀","化工设备外型图块","化工设备外型图块","化工设备外型图块\气动阀.dwg","D:\桌面\510套化工工艺流程图含393套图例图纸及117套流程图含PID\510套化工工艺流程图含393套图例图纸及117套流程图含PID\化工工艺流程图\化工绘图图块图例符号\化工设备外型图块\气动阀.dwg"
"法兰","化工设备外型图块","化工设备外型图块","化工设备外型图块\法兰.dwg","D:\桌面\510套化工工艺流程图含393套图例图纸及117套流程图含PID\510套化工工艺流程图含393套图例图纸及117套流程图含PID\化工工艺流程图\化工绘图图块图例符号\化工设备外型图块\法兰.dwg"
"法兰盖","化工设备外型图块","化工设备外型图块","化工设备外型图块\法兰盖.dwg","D:\桌面\510套化工工艺流程图含393套图例图纸及117套流程图含PID\510套化工工艺流程图含393套图例图纸及117套流程图含PID\化工工艺流程图\化工绘图图块图例符号\化工设备外型图块\法兰盖.dwg"
"波纹管","化工设备外型图块","化工设备外型图块","化工设备外型图块\波纹管.dwg","D:\桌面\510套化工工艺流程图含393套图例图纸及117套流程图含PID\510套化工工艺流程图含393套图例图纸及117套流程图含PID\化工工艺流程图\化工绘图图块图例符号\化工设备外型图块\波纹管.dwg"
"洗手池","化工设备外型图块","化工设备外型图块","化工设备外型图块\洗手池.dwg","D:\桌面\510套化工工艺流程图含393套图例图纸及117套流程图含PID\510套化工工艺流程图含393套图例图纸及117套流程图含PID\化工工艺流程图\化工绘图图块图例符号\化工设备外型图块\洗手池.dwg"
"消声器","化工设备外型图块","化工设备外型图块","化工设备外型图块\消声器.dwg","D:\桌面\510套化工工艺流程图含393套图例图纸及117套流程图含PID\510套化工工艺流程图含393套图例图纸及117套流程图含PID\化工工艺流程图\化工绘图图块图例符号\化工设备外型图块\消声器.dwg"
"涡街流量计","化工设备外型图块","化工设备外型图块","化工设备外型图块\涡街流量计.dwg","D:\桌面\510套化工工艺流程图含393套图例图纸及117套流程图含PID\510套化工工艺流程图含393套图例图纸及117套流程图含PID\化工工艺流程图\化工绘图图块图例符号\化工设备外型图块\涡街流量计.dwg"
"混合机","化工设备外型图块","化工设备外型图块","化工设备外型图块\混合机.dwg","D:\桌面\510套化工工艺流程图含393套图例图纸及117套流程图含PID\510套化工工艺流程图含393套图例图纸及117套流程图含PID\化工工艺流程图\化工绘图图块图例符号\化工设备外型图块\混合机.dwg"
"爆破片","化工设备外型图块","化工设备外型图块","化工设备外型图块\爆破片.dwg","D:\桌面\510套化工工艺流程图含393套图例图纸及117套流程图含PID\510套化工工艺流程图含393套图例图纸及117套流程图含PID\化工工艺流程图\化工绘图图块图例符号\化工设备外型图块\爆破片.dwg"
"玻璃液位计","化工设备外型图块","化工设备外型图块","化工设备外型图块\玻璃液位计.dwg","D:\桌面\510套化工工艺流程图含393套图例图纸及117套流程图含PID\510套化工工艺流程图含393套图例图纸及117套流程图含PID\化工工艺流程图\化工绘图图块图例符号\化工设备外型图块\玻璃液位计.dwg"
"球阀","化工设备外型图块","化工设备外型图块","化工设备外型图块\球阀.dwg","D:\桌面\510套化工工艺流程图含393套图例图纸及117套流程图含PID\510套化工工艺流程图含393套图例图纸及117套流程图含PID\化工工艺流程图\化工绘图图块图例符号\化工设备外型图块\球阀.dwg"
"电机","化工设备外型图块","化工设备外型图块","化工设备外型图块\电机.dwg","D:\桌面\510套化工工艺流程图含393套图例图纸及117套流程图含PID\510套化工工艺流程图含393套图例图纸及117套流程图含PID\化工工艺流程图\化工绘图图块图例符号\化工设备外型图块\电机.dwg"
"电磁阀","化工设备外型图块","化工设备外型图块","化工设备外型图块\电磁阀.dwg","D:\桌面\510套化工工艺流程图含393套图例图纸及117套流程图含PID\510套化工工艺流程图含393套图例图纸及117套流程图含PID\化工工艺流程图\化工绘图图块图例符号\化工设备外型图块\电磁阀.dwg"
"疏水阀","化工设备外型图块","化工设备外型图块","化工设备外型图块\疏水阀.dwg","D:\桌面\510套化工工艺流程图含393套图例图纸及117套流程图含PID\510套化工工艺流程图含393套图例图纸及117套流程图含PID\化工工艺流程图\化工绘图图块图例符号\化工设备外型图块\疏水阀.dwg"
"空气过滤器","化工设备外型图块","化工设备外型图块","化工设备外型图块\空气过滤器.dwg","D:\桌面\510套化工工艺流程图含393套图例图纸及117套流程图含PID\510套化工工艺流程图含393套图例图纸及117套流程图含PID\化工工艺流程图\化工绘图图块图例符号\化工设备外型图块\空气过滤器.dwg"
"管帽","化工设备外型图块","化工设备外型图块","化工设备外型图块\管帽.dwg","D:\桌面\510套化工工艺流程图含393套图例图纸及117套流程图含PID\510套化工工艺流程图含393套图例图纸及117套流程图含PID\化工工艺流程图\化工绘图图块图例符号\化工设备外型图块\管帽.dwg"
"管道高压泵","化工设备外型图块","化工设备外型图块","化工设备外型图块\管道高压泵.dwg","D:\桌面\510套化工工艺流程图含393套图例图纸及117套流程图含PID\510套化工工艺流程图含393套图例图纸及117套流程图含PID\化工工艺流程图\化工绘图图块图例符号\化工设备外型图块\管道高压泵.dwg"
"组合式空调","化工设备外型图块","化工设备外型图块","化工设备外型图块\组合式空调.dwg","D:\桌面\510套化工工艺流程图含393套图例图纸及117套流程图含PID\510套化工工艺流程图含393套图例图纸及117套流程图含PID\化工工艺流程图\化工绘图图块图例符号\化工设备外型图块\组合式空调.dwg"
"膨胀节","化工设备外型图块","化工设备外型图块","化工设备外型图块\膨胀节.dwg","D:\桌面\510套化工工艺流程图含393套图例图纸及117套流程图含PID\510套化工工艺流程图含393套图例图纸及117套流程图含PID\化工工艺流程图\化工绘图图块图例符号\化工设备外型图块\膨胀节.dwg"
"节流阀","化工设备外型图块","化工设备外型图块","化工设备外型图块\节流阀.dwg","D:\桌面\510套化工工艺流程图含393套图例图纸及117套流程图含PID\510套化工工艺流程图含393套图例图纸及117套流程图含PID\化工工艺流程图\化工绘图图块图例符号\化工设备外型图块\节流阀.dwg"
"蝶阀","化工设备外型图块","化工设备外型图块","化工设备外型图块\蝶阀.dwg","D:\桌面\510套化工工艺流程图含393套图例图纸及117套流程图含PID\510套化工工艺流程图含393套图例图纸及117套流程图含PID\化工工艺流程图\化工绘图图块图例符号\化工设备外型图块\蝶阀.dwg"
"螺纹管帽","化工设备外型图块","化工设备外型图块","化工设备外型图块\螺纹管帽.dwg","D:\桌面\510套化工工艺流程图含393套图例图纸及117套流程图含PID\510套化工工艺流程图含393套图例图纸及117套流程图含PID\化工工艺流程图\化工绘图图块图例符号\化工设备外型图块\螺纹管帽.dwg"
"视镜","化工设备外型图块","化工设备外型图块","化工设备外型图块\视镜.dwg","D:\桌面\510套化工工艺流程图含393套图例图纸及117套流程图含PID\510套化工工艺流程图含393套图例图纸及117套流程图含PID\化工工艺流程图\化工绘图图块图例符号\化工设备外型图块\视镜.dwg"
"质量流量计","化工设备外型图块","化工设备外型图块","化工设备外型图块\质量流量计.dwg","D:\桌面\510套化工工艺流程图含393套图例图纸及117套流程图含PID\510套化工工艺流程图含393套图例图纸及117套流程图含PID\化工工艺流程图\化工绘图图块图例符号\化工设备外型图块\质量流量计.dwg"
"转子流量计","化工设备外型图块","化工设备外型图块","化工设备外型图块\转子流量计.dwg","D:\桌面\510套化工工艺流程图含393套图例图纸及117套流程图含PID\510套化工工艺流程图含393套图例图纸及117套流程图含PID\化工工艺流程图\化工绘图图块图例符号\化工设备外型图块\转子流量计.dwg"
"轴流风机","化工设备外型图块","化工设备外型图块","化工设备外型图块\轴流风机.dwg","D:\桌面\510套化工工艺流程图含393套图例图纸及117套流程图含PID\510套化工工艺流程图含393套图例图纸及117套流程图含PID\化工工艺流程图\化工绘图图块图例符号\化工设备外型图块\轴流风机.dwg"
"配液罐（剖面）","化工设备外型图块","化工设备外型图块","化工设备外型图块\配液罐（剖面）.dwg","D:\桌面\510套化工工艺流程图含393套图例图纸及117套流程图含PID\510套化工工艺流程图含393套图例图纸及117套流程图含PID\化工工艺流程图\化工绘图图块图例符号\化工设备外型图块\配液罐（剖面）.dwg"
"锥管流量计","化工设备外型图块","化工设备外型图块","化工设备外型图块\锥管流量计.dwg","D:\桌面\510套化工工艺流程图含393套图例图纸及117套流程图含PID\510套化工工艺流程图含393套图例图纸及117套流程图含PID\化工工艺流程图\化工绘图图块图例符号\化工设备外型图块\锥管流量计.dwg"
"闸阀","化工设备外型图块","化工设备外型图块","化工设备外型图块\闸阀.dwg","D:\桌面\510套化工工艺流程图含393套图例图纸及117套流程图含PID\510套化工工艺流程图含393套图例图纸及117套流程图含PID\化工工艺流程图\化工绘图图块图例符号\化工设备外型图块\闸阀.dwg"
"阻火呼吸阀","化工设备外型图块","化工设备外型图块","化工设备外型图块\阻火呼吸阀.dwg","D:\桌面\510套化工工艺流程图含393套图例图纸及117套流程图含PID\510套化工工艺流程图含393套图例图纸及117套流程图含PID\化工工艺流程图\化工绘图图块图例符号\化工设备外型图块\阻火呼吸阀.dwg"
"阻火器","化工设备外型图块","化工设备外型图块","化工设备外型图块\阻火器.dwg","D:\桌面\510套化工工艺流程图含393套图例图纸及117套流程图含PID\510套化工工艺流程图含393套图例图纸及117套流程图含PID\化工工艺流程图\化工绘图图块图例符号\化工设备外型图块\阻火器.dwg"
"隔热管","化工设备外型图块","化工设备外型图块","化工设备外型图块\隔热管.dwg","D:\桌面\510套化工工艺流程图含393套图例图纸及117套流程图含PID\510套化工工艺流程图含393套图例图纸及117套流程图含PID\化工工艺流程图\化工绘图图块图例符号\化工设备外型图块\隔热管.dwg"
"隔膜阀","化工设备外型图块","化工设备外型图块","化工设备外型图块\隔膜阀.dwg","D:\桌面\510套化工工艺流程图含393套图例图纸及117套流程图含PID\510套化工工艺流程图含393套图例图纸及117套流程图含PID\化工工艺流程图\化工绘图图块图例符号\化工设备外型图块\隔膜阀.dwg"
"工艺图例","石油化工工艺图例","石油化工工艺图例","石油化工工艺图例\工艺图例.dwg","D:\桌面\510套化工工艺流程图含393套图例图纸及117套流程图含PID\510套化工工艺流程图含393套图例图纸及117套流程图含PID\化工工艺流程图\化工绘图图块图例符号\石油化工工艺图例\工艺图例.dwg"
"45度三通","管件类","管件类","管件类\45度三通.dwg","D:\桌面\510套化工工艺流程图含393套图例图纸及117套流程图含PID\510套化工工艺流程图含393套图例图纸及117套流程图含PID\化工工艺流程图\化工绘图图块图例符号\管件类\45度三通.dwg"
"介质流向","管件类","管件类","管件类\介质流向.dwg","D:\桌面\510套化工工艺流程图含393套图例图纸及117套流程图含PID\510套化工工艺流程图含393套图例图纸及117套流程图含PID\化工工艺流程图\化工绘图图块图例符号\管件类\介质流向.dwg"
"保温管","管件类","管件类","管件类\保温管.dwg","D:\桌面\510套化工工艺流程图含393套图例图纸及117套流程图含PID\510套化工工艺流程图含393套图例图纸及117套流程图含PID\化工工艺流程图\化工绘图图块图例符号\管件类\保温管.dwg"
"倒角0.5-45(下)","管件类","管件类","管件类\倒角0.5-45(下).dwg","D:\桌面\510套化工工艺流程图含393套图例图纸及117套流程图含PID\510套化工工艺流程图含393套图例图纸及117套流程图含PID\化工工艺流程图\化工绘图图块图例符号\管件类\倒角0.5-45(下).dwg"
"倒角1-45(上)","管件类","管件类","管件类\倒角1-45(上).dwg","D:\桌面\510套化工工艺流程图含393套图例图纸及117套流程图含PID\510套化工工艺流程图含393套图例图纸及117套流程图含PID\化工工艺流程图\化工绘图图块图例符号\管件类\倒角1-45(上).dwg"
"倒角1-45(下)","管件类","管件类","管件类\倒角1-45(下).dwg","D:\桌面\510套化工工艺流程图含393套图例图纸及117套流程图含PID\510套化工工艺流程图含393套图例图纸及117套流程图含PID\化工工艺流程图\化工绘图图块图例符号\管件类\倒角1-45(下).dwg"
"倒角1.5-45(上)","管件类","管件类","管件类\倒角1.5-45(上).dwg","D:\桌面\510套化工工艺流程图含393套图例图纸及117套流程图含PID\510套化工工艺流程图含393套图例图纸及117套流程图含PID\化工工艺流程图\化工绘图图块图例符号\管件类\倒角1.5-45(上).dwg"
"倒角1.5-45(下)","管件类","管件类","管件类\倒角1.5-45(下).dwg","D:\桌面\510套化工工艺流程图含393套图例图纸及117套流程图含PID\510套化工工艺流程图含393套图例图纸及117套流程图含PID\化工工艺流程图\化工绘图图块图例符号\管件类\倒角1.5-45(下).dwg"
"倒角2-45(上)","管件类","管件类","管件类\倒角2-45(上).dwg","D:\桌面\510套化工工艺流程图含393套图例图纸及117套流程图含PID\510套化工工艺流程图含393套图例图纸及117套流程图含PID\化工工艺流程图\化工绘图图块图例符号\管件类\倒角2-45(上).dwg"
"倒角2-45(下)","管件类","管件类","管件类\倒角2-45(下).dwg","D:\桌面\510套化工工艺流程图含393套图例图纸及117套流程图含PID\510套化工工艺流程图含393套图例图纸及117套流程图含PID\化工工艺流程图\化工绘图图块图例符号\管件类\倒角2-45(下).dwg"
"偏心异径管（同底）","管件类","管件类","管件类\偏心异径管（同底）.dwg","D:\桌面\510套化工工艺流程图含393套图例图纸及117套流程图含PID\510套化工工艺流程图含393套图例图纸及117套流程图含PID\化工工艺流程图\化工绘图图块图例符号\管件类\偏心异径管（同底）.dwg"
"偏心异径管（同顶）","管件类","管件类","管件类\偏心异径管（同顶）.dwg","D:\桌面\510套化工工艺流程图含393套图例图纸及117套流程图含PID\510套化工工艺流程图含393套图例图纸及117套流程图含PID\化工工艺流程图\化工绘图图块图例符号\管件类\偏心异径管（同顶）.dwg"
"内外罗纹接头","管件类","管件类","管件类\内外罗纹接头.dwg","D:\桌面\510套化工工艺流程图含393套图例图纸及117套流程图含PID\510套化工工艺流程图含393套图例图纸及117套流程图含PID\化工工艺流程图\化工绘图图块图例符号\管件类\内外罗纹接头.dwg"
"同心异径管","管件类","管件类","管件类\同心异径管.dwg","D:\桌面\510套化工工艺流程图含393套图例图纸及117套流程图含PID\510套化工工艺流程图含393套图例图纸及117套流程图含PID\化工工艺流程图\化工绘图图块图例符号\管件类\同心异径管.dwg"
"四通","管件类","管件类","管件类\四通.dwg","D:\桌面\510套化工工艺流程图含393套图例图纸及117套流程图含PID\510套化工工艺流程图含393套图例图纸及117套流程图含PID\化工工艺流程图\化工绘图图块图例符号\管件类\四通.dwg"
"夹套管","管件类","管件类","管件类\夹套管.dwg","D:\桌面\510套化工工艺流程图含393套图例图纸及117套流程图含PID\510套化工工艺流程图含393套图例图纸及117套流程图含PID\化工工艺流程图\化工绘图图块图例符号\管件类\夹套管.dwg"
"套筒补偿器","管件类","管件类","管件类\套筒补偿器.dwg","D:\桌面\510套化工工艺流程图含393套图例图纸及117套流程图含PID\510套化工工艺流程图含393套图例图纸及117套流程图含PID\化工工艺流程图\化工绘图图块图例符号\管件类\套筒补偿器.dwg"
"导向管架（弹性吊架）","管件类","管件类","管件类\导向管架（弹性吊架）.dwg","D:\桌面\510套化工工艺流程图含393套图例图纸及117套流程图含PID\510套化工工艺流程图含393套图例图纸及117套流程图含PID\化工工艺流程图\化工绘图图块图例符号\管件类\导向管架（弹性吊架）.dwg"
"导向管架（弹性支架）","管件类","管件类","管件类\导向管架（弹性支架）.dwg","D:\桌面\510套化工工艺流程图含393套图例图纸及117套流程图含PID\510套化工工艺流程图含393套图例图纸及117套流程图含PID\化工工艺流程图\化工绘图图块图例符号\管件类\导向管架（弹性支架）.dwg"
"弯头管","管件类","管件类","管件类\弯头管.dwg","D:\桌面\510套化工工艺流程图含393套图例图纸及117套流程图含PID\510套化工工艺流程图含393套图例图纸及117套流程图含PID\化工工艺流程图\化工绘图图块图例符号\管件类\弯头管.dwg"
"弯折管","管件类","管件类","管件类\弯折管.dwg","D:\桌面\510套化工工艺流程图含393套图例图纸及117套流程图含PID\510套化工工艺流程图含393套图例图纸及117套流程图含PID\化工工艺流程图\化工绘图图块图例符号\管件类\弯折管.dwg"
"弯折管（向前）","管件类","管件类","管件类\弯折管（向前）.dwg","D:\桌面\510套化工工艺流程图含393套图例图纸及117套流程图含PID\510套化工工艺流程图含393套图例图纸及117套流程图含PID\化工工艺流程图\化工绘图图块图例符号\管件类\弯折管（向前）.dwg"
"承插连接","管件类","管件类","管件类\承插连接.dwg","D:\桌面\510套化工工艺流程图含393套图例图纸及117套流程图含PID\510套化工工艺流程图含393套图例图纸及117套流程图含PID\化工工艺流程图\化工绘图图块图例符号\管件类\承插连接.dwg"
"波纹补偿器","管件类","管件类","管件类\波纹补偿器.dwg","D:\桌面\510套化工工艺流程图含393套图例图纸及117套流程图含PID\510套化工工艺流程图含393套图例图纸及117套流程图含PID\化工工艺流程图\化工绘图图块图例符号\管件类\波纹补偿器.dwg"
"活动管架（吊架）","管件类","管件类","管件类\活动管架（吊架）.dwg","D:\桌面\510套化工工艺流程图含393套图例图纸及117套流程图含PID\510套化工工艺流程图含393套图例图纸及117套流程图含PID\化工工艺流程图\化工绘图图块图例符号\管件类\活动管架（吊架）.dwg"
"活动管架（弹性吊架）","管件类","管件类","管件类\活动管架（弹性吊架）.dwg","D:\桌面\510套化工工艺流程图含393套图例图纸及117套流程图含PID\510套化工工艺流程图含393套图例图纸及117套流程图含PID\化工工艺流程图\化工绘图图块图例符号\管件类\活动管架（弹性吊架）.dwg"
"活动管架（弹性支架）","管件类","管件类","管件类\活动管架（弹性支架）.dwg","D:\桌面\510套化工工艺流程图含393套图例图纸及117套流程图含PID\510套化工工艺流程图含393套图例图纸及117套流程图含PID\化工工艺流程图\化工绘图图块图例符号\管件类\活动管架（弹性支架）.dwg"
"活接头","管件类","管件类","管件类\活接头.dwg","D:\桌面\510套化工工艺流程图含393套图例图纸及117套流程图含PID\510套化工工艺流程图含393套图例图纸及117套流程图含PID\化工工艺流程图\化工绘图图块图例符号\管件类\活接头.dwg"
"球形补偿器","管件类","管件类","管件类\球形补偿器.dwg","D:\桌面\510套化工工艺流程图含393套图例图纸及117套流程图含PID\510套化工工艺流程图含393套图例图纸及117套流程图含PID\化工工艺流程图\化工绘图图块图例符号\管件类\球形补偿器.dwg"
"盲板","管件类","管件类","管件类\盲板.dwg","D:\桌面\510套化工工艺流程图含393套图例图纸及117套流程图含PID\510套化工工艺流程图含393套图例图纸及117套流程图含PID\化工工艺流程图\化工绘图图块图例符号\管件类\盲板.dwg"
"直三通","管件类","管件类","管件类\直三通.dwg","D:\桌面\510套化工工艺流程图含393套图例图纸及117套流程图含PID\510套化工工艺流程图含393套图例图纸及117套流程图含PID\化工工艺流程图\化工绘图图块图例符号\管件类\直三通.dwg"
"相交管","管件类","管件类","管件类\相交管.dwg","D:\桌面\510套化工工艺流程图含393套图例图纸及117套流程图含PID\510套化工工艺流程图含393套图例图纸及117套流程图含PID\化工工艺流程图\化工绘图图块图例符号\管件类\相交管.dwg"
"矩形补偿器","管件类","管件类","管件类\矩形补偿器.dwg","D:\桌面\510套化工工艺流程图含393套图例图纸及117套流程图含PID\510套化工工艺流程图含393套图例图纸及117套流程图含PID\化工工艺流程图\化工绘图图块图例符号\管件类\矩形补偿器.dwg"
"Y型过滤器","阀门管件泵类设备","阀门管件泵类设备","阀门管件泵类设备\Y型过滤器.dwg","D:\桌面\510套化工工艺流程图含393套图例图纸及117套流程图含PID\510套化工工艺流程图含393套图例图纸及117套流程图含PID\化工工艺流程图\化工绘图图块图例符号\阀门管件泵类设备\Y型过滤器.dwg"
"三通阀1","阀门管件泵类设备","阀门管件泵类设备","阀门管件泵类设备\三通阀1.dwg","D:\桌面\510套化工工艺流程图含393套图例图纸及117套流程图含PID\510套化工工艺流程图含393套图例图纸及117套流程图含PID\化工工艺流程图\化工绘图图块图例符号\阀门管件泵类设备\三通阀1.dwg"
"三通阀2","阀门管件泵类设备","阀门管件泵类设备","阀门管件泵类设备\三通阀2.dwg","D:\桌面\510套化工工艺流程图含393套图例图纸及117套流程图含PID\510套化工工艺流程图含393套图例图纸及117套流程图含PID\化工工艺流程图\化工绘图图块图例符号\阀门管件泵类设备\三通阀2.dwg"
"丝堵1","阀门管件泵类设备","阀门管件泵类设备","阀门管件泵类设备\丝堵1.dwg","D:\桌面\510套化工工艺流程图含393套图例图纸及117套流程图含PID\510套化工工艺流程图含393套图例图纸及117套流程图含PID\化工工艺流程图\化工绘图图块图例符号\阀门管件泵类设备\丝堵1.dwg"
"丝堵2","阀门管件泵类设备","阀门管件泵类设备","阀门管件泵类设备\丝堵2.dwg","D:\桌面\510套化工工艺流程图含393套图例图纸及117套流程图含PID\510套化工工艺流程图含393套图例图纸及117套流程图含PID\化工工艺流程图\化工绘图图块图例符号\阀门管件泵类设备\丝堵2.dwg"
"介质流向1","阀门管件泵类设备","阀门管件泵类设备","阀门管件泵类设备\介质流向1.dwg","D:\桌面\510套化工工艺流程图含393套图例图纸及117套流程图含PID\510套化工工艺流程图含393套图例图纸及117套流程图含PID\化工工艺流程图\化工绘图图块图例符号\阀门管件泵类设备\介质流向1.dwg"
"介质流向2","阀门管件泵类设备","阀门管件泵类设备","阀门管件泵类设备\介质流向2.dwg","D:\桌面\510套化工工艺流程图含393套图例图纸及117套流程图含PID\510套化工工艺流程图含393套图例图纸及117套流程图含PID\化工工艺流程图\化工绘图图块图例符号\阀门管件泵类设备\介质流向2.dwg"
"伴热管","阀门管件泵类设备","阀门管件泵类设备","阀门管件泵类设备\伴热管.dwg","D:\桌面\510套化工工艺流程图含393套图例图纸及117套流程图含PID\510套化工工艺流程图含393套图例图纸及117套流程图含PID\化工工艺流程图\化工绘图图块图例符号\阀门管件泵类设备\伴热管.dwg"
"保护套管","阀门管件泵类设备","阀门管件泵类设备","阀门管件泵类设备\保护套管.dwg","D:\桌面\510套化工工艺流程图含393套图例图纸及117套流程图含PID\510套化工工艺流程图含393套图例图纸及117套流程图含PID\化工工艺流程图\化工绘图图块图例符号\阀门管件泵类设备\保护套管.dwg"
"偏心异径管","阀门管件泵类设备","阀门管件泵类设备","阀门管件泵类设备\偏心异径管.dwg","D:\桌面\510套化工工艺流程图含393套图例图纸及117套流程图含PID\510套化工工艺流程图含393套图例图纸及117套流程图含PID\化工工艺流程图\化工绘图图块图例符号\阀门管件泵类设备\偏心异径管.dwg"
"减压阀1","阀门管件泵类设备","阀门管件泵类设备","阀门管件泵类设备\减压阀1.dwg","D:\桌面\510套化工工艺流程图含393套图例图纸及117套流程图含PID\510套化工工艺流程图含393套图例图纸及117套流程图含PID\化工工艺流程图\化工绘图图块图例符号\阀门管件泵类设备\减压阀1.dwg"
"减压阀2","阀门管件泵类设备","阀门管件泵类设备","阀门管件泵类设备\减压阀2.dwg","D:\桌面\510套化工工艺流程图含393套图例图纸及117套流程图含PID\510套化工工艺流程图含393套图例图纸及117套流程图含PID\化工工艺流程图\化工绘图图块图例符号\阀门管件泵类设备\减压阀2.dwg"
"卧式除污器","阀门管件泵类设备","阀门管件泵类设备","阀门管件泵类设备\卧式除污器.dwg","D:\桌面\510套化工工艺流程图含393套图例图纸及117套流程图含PID\510套化工工艺流程图含393套图例图纸及117套流程图含PID\化工工艺流程图\化工绘图图块图例符号\阀门管件泵类设备\卧式除污器.dwg"
"同心异径管","阀门管件泵类设备","阀门管件泵类设备","阀门管件泵类设备\同心异径管.dwg","D:\桌面\510套化工工艺流程图含393套图例图纸及117套流程图含PID\510套化工工艺流程图含393套图例图纸及117套流程图含PID\化工工艺流程图\化工绘图图块图例符号\阀门管件泵类设备\同心异径管.dwg"
"喷射泵","阀门管件泵类设备","阀门管件泵类设备","阀门管件泵类设备\喷射泵.dwg","D:\桌面\510套化工工艺流程图含393套图例图纸及117套流程图含PID\510套化工工艺流程图含393套图例图纸及117套流程图含PID\化工工艺流程图\化工绘图图块图例符号\阀门管件泵类设备\喷射泵.dwg"
"四通阀","阀门管件泵类设备","阀门管件泵类设备","阀门管件泵类设备\四通阀.dwg","D:\桌面\510套化工工艺流程图含393套图例图纸及117套流程图含PID\510套化工工艺流程图含393套图例图纸及117套流程图含PID\化工工艺流程图\化工绘图图块图例符号\阀门管件泵类设备\四通阀.dwg"
"固定支架1","阀门管件泵类设备","阀门管件泵类设备","阀门管件泵类设备\固定支架1.dwg","D:\桌面\510套化工工艺流程图含393套图例图纸及117套流程图含PID\510套化工工艺流程图含393套图例图纸及117套流程图含PID\化工工艺流程图\化工绘图图块图例符号\阀门管件泵类设备\固定支架1.dwg"
"固定支架2","阀门管件泵类设备","阀门管件泵类设备","阀门管件泵类设备\固定支架2.dwg","D:\桌面\510套化工工艺流程图含393套图例图纸及117套流程图含PID\510套化工工艺流程图含393套图例图纸及117套流程图含PID\化工工艺流程图\化工绘图图块图例符号\阀门管件泵类设备\固定支架2.dwg"
"坡度及坡向1","阀门管件泵类设备","阀门管件泵类设备","阀门管件泵类设备\坡度及坡向1.dwg","D:\桌面\510套化工工艺流程图含393套图例图纸及117套流程图含PID\510套化工工艺流程图含393套图例图纸及117套流程图含PID\化工工艺流程图\化工绘图图块图例符号\阀门管件泵类设备\坡度及坡向1.dwg"
"坡度及坡向2","阀门管件泵类设备","阀门管件泵类设备","阀门管件泵类设备\坡度及坡向2.dwg","D:\桌面\510套化工工艺流程图含393套图例图纸及117套流程图含PID\510套化工工艺流程图含393套图例图纸及117套流程图含PID\化工工艺流程图\化工绘图图块图例符号\阀门管件泵类设备\坡度及坡向2.dwg"
"套管补偿器","阀门管件泵类设备","阀门管件泵类设备","阀门管件泵类设备\套管补偿器.dwg","D:\桌面\510套化工工艺流程图含393套图例图纸及117套流程图含PID\510套化工工艺流程图含393套图例图纸及117套流程图含PID\化工工艺流程图\化工绘图图块图例符号\阀门管件泵类设备\套管补偿器.dwg"
"安全阀-通用","阀门管件泵类设备","阀门管件泵类设备","阀门管件泵类设备\安全阀-通用.dwg","D:\桌面\510套化工工艺流程图含393套图例图纸及117套流程图含PID\510套化工工艺流程图含393套图例图纸及117套流程图含PID\化工工艺流程图\化工绘图图块图例符号\阀门管件泵类设备\安全阀-通用.dwg"
"属性泵设备","阀门管件泵类设备","阀门管件泵类设备","阀门管件泵类设备\属性泵设备.dwg","D:\桌面\510套化工工艺流程图含393套图例图纸及117套流程图含PID\510套化工工艺流程图含393套图例图纸及117套流程图含PID\化工工艺流程图\化工绘图图块图例符号\阀门管件泵类设备\属性泵设备.dwg"
"属性泵设备01","阀门管件泵类设备","阀门管件泵类设备","阀门管件泵类设备\属性泵设备01.dwg","D:\桌面\510套化工工艺流程图含393套图例图纸及117套流程图含PID\510套化工工艺流程图含393套图例图纸及117套流程图含PID\化工工艺流程图\化工绘图图块图例符号\阀门管件泵类设备\属性泵设备01.dwg"
"属性泵设备02","阀门管件泵类设备","阀门管件泵类设备","阀门管件泵类设备\属性泵设备02.dwg","D:\桌面\510套化工工艺流程图含393套图例图纸及117套流程图含PID\510套化工工艺流程图含393套图例图纸及117套流程图含PID\化工工艺流程图\化工绘图图块图例符号\阀门管件泵类设备\属性泵设备02.dwg"
"属性泵设备03_Bottom","阀门管件泵类设备","阀门管件泵类设备","阀门管件泵类设备\属性泵设备03_Bottom.dwg","D:\桌面\510套化工工艺流程图含393套图例图纸及117套流程图含PID\510套化工工艺流程图含393套图例图纸及117套流程图含PID\化工工艺流程图\化工绘图图块图例符号\阀门管件泵类设备\属性泵设备03_Bottom.dwg"
"属性泵设备03_Left","阀门管件泵类设备","阀门管件泵类设备","阀门管件泵类设备\属性泵设备03_Left.dwg","D:\桌面\510套化工工艺流程图含393套图例图纸及117套流程图含PID\510套化工工艺流程图含393套图例图纸及117套流程图含PID\化工工艺流程图\化工绘图图块图例符号\阀门管件泵类设备\属性泵设备03_Left.dwg"
"属性泵设备03_Right","阀门管件泵类设备","阀门管件泵类设备","阀门管件泵类设备\属性泵设备03_Right.dwg","D:\桌面\510套化工工艺流程图含393套图例图纸及117套流程图含PID\510套化工工艺流程图含393套图例图纸及117套流程图含PID\化工工艺流程图\化工绘图图块图例符号\阀门管件泵类设备\属性泵设备03_Right.dwg"
"属性泵设备03_Top","阀门管件泵类设备","阀门管件泵类设备","阀门管件泵类设备\属性泵设备03_Top.dwg","D:\桌面\510套化工工艺流程图含393套图例图纸及117套流程图含PID\510套化工工艺流程图含393套图例图纸及117套流程图含PID\化工工艺流程图\化工绘图图块图例符号\阀门管件泵类设备\属性泵设备03_Top.dwg"
"平衡阀","阀门管件泵类设备","阀门管件泵类设备","阀门管件泵类设备\平衡阀.dwg","D:\桌面\510套化工工艺流程图含393套图例图纸及117套流程图含PID\510套化工工艺流程图含393套图例图纸及117套流程图含PID\化工工艺流程图\化工绘图图块图例符号\阀门管件泵类设备\平衡阀.dwg"
"弧形补偿器","阀门管件泵类设备","阀门管件泵类设备","阀门管件泵类设备\弧形补偿器.dwg","D:\桌面\510套化工工艺流程图含393套图例图纸及117套流程图含PID\510套化工工艺流程图含393套图例图纸及117套流程图含PID\化工工艺流程图\化工绘图图块图例符号\阀门管件泵类设备\弧形补偿器.dwg"
"弹簧安全阀","阀门管件泵类设备","阀门管件泵类设备","阀门管件泵类设备\弹簧安全阀.dwg","D:\桌面\510套化工工艺流程图含393套图例图纸及117套流程图含PID\510套化工工艺流程图含393套图例图纸及117套流程图含PID\化工工艺流程图\化工绘图图块图例符号\阀门管件泵类设备\弹簧安全阀.dwg"
"往复泵","阀门管件泵类设备","阀门管件泵类设备","阀门管件泵类设备\往复泵.dwg","D:\桌面\510套化工工艺流程图含393套图例图纸及117套流程图含PID\510套化工工艺流程图含393套图例图纸及117套流程图含PID\化工工艺流程图\化工绘图图块图例符号\阀门管件泵类设备\往复泵.dwg"
"快放阀","阀门管件泵类设备","阀门管件泵类设备","阀门管件泵类设备\快放阀.dwg","D:\桌面\510套化工工艺流程图含393套图例图纸及117套流程图含PID\510套化工工艺流程图含393套图例图纸及117套流程图含PID\化工工艺流程图\化工绘图图块图例符号\阀门管件泵类设备\快放阀.dwg"
"截止阀-垂直轴侧1","阀门管件泵类设备","阀门管件泵类设备","阀门管件泵类设备\截止阀-垂直轴侧1.dwg","D:\桌面\510套化工工艺流程图含393套图例图纸及117套流程图含PID\510套化工工艺流程图含393套图例图纸及117套流程图含PID\化工工艺流程图\化工绘图图块图例符号\阀门管件泵类设备\截止阀-垂直轴侧1.dwg"
"截止阀-垂直轴侧2","阀门管件泵类设备","阀门管件泵类设备","阀门管件泵类设备\截止阀-垂直轴侧2.dwg","D:\桌面\510套化工工艺流程图含393套图例图纸及117套流程图含PID\510套化工工艺流程图含393套图例图纸及117套流程图含PID\化工工艺流程图\化工绘图图块图例符号\阀门管件泵类设备\截止阀-垂直轴侧2.dwg"
"截止阀-水平轴侧1","阀门管件泵类设备","阀门管件泵类设备","阀门管件泵类设备\截止阀-水平轴侧1.dwg","D:\桌面\510套化工工艺流程图含393套图例图纸及117套流程图含PID\510套化工工艺流程图含393套图例图纸及117套流程图含PID\化工工艺流程图\化工绘图图块图例符号\阀门管件泵类设备\截止阀-水平轴侧1.dwg"
"截止阀-水平轴侧2","阀门管件泵类设备","阀门管件泵类设备","阀门管件泵类设备\截止阀-水平轴侧2.dwg","D:\桌面\510套化工工艺流程图含393套图例图纸及117套流程图含PID\510套化工工艺流程图含393套图例图纸及117套流程图含PID\化工工艺流程图\化工绘图图块图例符号\阀门管件泵类设备\截止阀-水平轴侧2.dwg"
"截止阀-法兰连接","阀门管件泵类设备","阀门管件泵类设备","阀门管件泵类设备\截止阀-法兰连接.dwg","D:\桌面\510套化工工艺流程图含393套图例图纸及117套流程图含PID\510套化工工艺流程图含393套图例图纸及117套流程图含PID\化工工艺流程图\化工绘图图块图例符号\阀门管件泵类设备\截止阀-法兰连接.dwg"
"截止阀-焊接","阀门管件泵类设备","阀门管件泵类设备","阀门管件泵类设备\截止阀-焊接.dwg","D:\桌面\510套化工工艺流程图含393套图例图纸及117套流程图含PID\510套化工工艺流程图含393套图例图纸及117套流程图含PID\化工工艺流程图\化工绘图图块图例符号\阀门管件泵类设备\截止阀-焊接.dwg"
"手动调节阀","阀门管件泵类设备","阀门管件泵类设备","阀门管件泵类设备\手动调节阀.dwg","D:\桌面\510套化工工艺流程图含393套图例图纸及117套流程图含PID\510套化工工艺流程图含393套图例图纸及117套流程图含PID\化工工艺流程图\化工绘图图块图例符号\阀门管件泵类设备\手动调节阀.dwg"
"手摇泵","阀门管件泵类设备","阀门管件泵类设备","阀门管件泵类设备\手摇泵.dwg","D:\桌面\510套化工工艺流程图含393套图例图纸及117套流程图含PID\510套化工工艺流程图含393套图例图纸及117套流程图含PID\化工工艺流程图\化工绘图图块图例符号\阀门管件泵类设备\手摇泵.dwg"
"旋塞","阀门管件泵类设备","阀门管件泵类设备","阀门管件泵类设备\旋塞.dwg","D:\桌面\510套化工工艺流程图含393套图例图纸及117套流程图含PID\510套化工工艺流程图含393套图例图纸及117套流程图含PID\化工工艺流程图\化工绘图图块图例符号\阀门管件泵类设备\旋塞.dwg"
"旋转泵齿轮泵","阀门管件泵类设备","阀门管件泵类设备","阀门管件泵类设备\旋转泵齿轮泵.dwg","D:\桌面\510套化工工艺流程图含393套图例图纸及117套流程图含PID\510套化工工艺流程图含393套图例图纸及117套流程图含PID\化工工艺流程图\化工绘图图块图例符号\阀门管件泵类设备\旋转泵齿轮泵.dwg"
"止回阀1","阀门管件泵类设备","阀门管件泵类设备","阀门管件泵类设备\止回阀1.dwg","D:\桌面\510套化工工艺流程图含393套图例图纸及117套流程图含PID\510套化工工艺流程图含393套图例图纸及117套流程图含PID\化工工艺流程图\化工绘图图块图例符号\阀门管件泵类设备\止回阀1.dwg"
"止回阀2","阀门管件泵类设备","阀门管件泵类设备","阀门管件泵类设备\止回阀2.dwg","D:\桌面\510套化工工艺流程图含393套图例图纸及117套流程图含PID\510套化工工艺流程图含393套图例图纸及117套流程图含PID\化工工艺流程图\化工绘图图块图例符号\阀门管件泵类设备\止回阀2.dwg"
"水环式真空泵","阀门管件泵类设备","阀门管件泵类设备","阀门管件泵类设备\水环式真空泵.dwg","D:\桌面\510套化工工艺流程图含393套图例图纸及117套流程图含PID\510套化工工艺流程图含393套图例图纸及117套流程图含PID\化工工艺流程图\化工绘图图块图例符号\阀门管件泵类设备\水环式真空泵.dwg"
"汽动往复泵","阀门管件泵类设备","阀门管件泵类设备","阀门管件泵类设备\汽动往复泵.dwg","D:\桌面\510套化工工艺流程图含393套图例图纸及117套流程图含PID\510套化工工艺流程图含393套图例图纸及117套流程图含PID\化工工艺流程图\化工绘图图块图例符号\阀门管件泵类设备\汽动往复泵.dwg"
"汽动离心泵(一)","阀门管件泵类设备","阀门管件泵类设备","阀门管件泵类设备\汽动离心泵(一).dwg","D:\桌面\510套化工工艺流程图含393套图例图纸及117套流程图含PID\510套化工工艺流程图含393套图例图纸及117套流程图含PID\化工工艺流程图\化工绘图图块图例符号\阀门管件泵类设备\汽动离心泵(一).dwg"
"汽动离心泵(二)","阀门管件泵类设备","阀门管件泵类设备","阀门管件泵类设备\汽动离心泵(二).dwg","D:\桌面\510套化工工艺流程图含393套图例图纸及117套流程图含PID\510套化工工艺流程图含393套图例图纸及117套流程图含PID\化工工艺流程图\化工绘图图块图例符号\阀门管件泵类设备\汽动离心泵(二).dwg"
"法兰","阀门管件泵类设备","阀门管件泵类设备","阀门管件泵类设备\法兰.dwg","D:\桌面\510套化工工艺流程图含393套图例图纸及117套流程图含PID\510套化工工艺流程图含393套图例图纸及117套流程图含PID\化工工艺流程图\化工绘图图块图例符号\阀门管件泵类设备\法兰.dwg"
"法兰盖","阀门管件泵类设备","阀门管件泵类设备","阀门管件泵类设备\法兰盖.dwg","D:\桌面\510套化工工艺流程图含393套图例图纸及117套流程图含PID\510套化工工艺流程图含393套图例图纸及117套流程图含PID\化工工艺流程图\化工绘图图块图例符号\阀门管件泵类设备\法兰盖.dwg"
"波纹管补偿器","阀门管件泵类设备","阀门管件泵类设备","阀门管件泵类设备\波纹管补偿器.dwg","D:\桌面\510套化工工艺流程图含393套图例图纸及117套流程图含PID\510套化工工艺流程图含393套图例图纸及117套流程图含PID\化工工艺流程图\化工绘图图块图例符号\阀门管件泵类设备\波纹管补偿器.dwg"
"浮球阀1","阀门管件泵类设备","阀门管件泵类设备","阀门管件泵类设备\浮球阀1.dwg","D:\桌面\510套化工工艺流程图含393套图例图纸及117套流程图含PID\510套化工工艺流程图含393套图例图纸及117套流程图含PID\化工工艺流程图\化工绘图图块图例符号\阀门管件泵类设备\浮球阀1.dwg"
"浮球阀2","阀门管件泵类设备","阀门管件泵类设备","阀门管件泵类设备\浮球阀2.dwg","D:\桌面\510套化工工艺流程图含393套图例图纸及117套流程图含PID\510套化工工艺流程图含393套图例图纸及117套流程图含PID\化工工艺流程图\化工绘图图块图例符号\阀门管件泵类设备\浮球阀2.dwg"
"浸没泵(液下泵)","阀门管件泵类设备","阀门管件泵类设备","阀门管件泵类设备\浸没泵(液下泵).dwg","D:\桌面\510套化工工艺流程图含393套图例图纸及117套流程图含PID\510套化工工艺流程图含393套图例图纸及117套流程图含PID\化工工艺流程图\化工绘图图块图例符号\阀门管件泵类设备\浸没泵(液下泵).dwg"
"液下泵","阀门管件泵类设备","阀门管件泵类设备","阀门管件泵类设备\液下泵.dwg","D:\桌面\510套化工工艺流程图含393套图例图纸及117套流程图含PID\510套化工工艺流程图含393套图例图纸及117套流程图含PID\化工工艺流程图\化工绘图图块图例符号\阀门管件泵类设备\液下泵.dwg"
"漩涡泵","阀门管件泵类设备","阀门管件泵类设备","阀门管件泵类设备\漩涡泵.dwg","D:\桌面\510套化工工艺流程图含393套图例图纸及117套流程图含PID\510套化工工艺流程图含393套图例图纸及117套流程图含PID\化工工艺流程图\化工绘图图块图例符号\阀门管件泵类设备\漩涡泵.dwg"
"球形补偿器","阀门管件泵类设备","阀门管件泵类设备","阀门管件泵类设备\球形补偿器.dwg","D:\桌面\510套化工工艺流程图含393套图例图纸及117套流程图含PID\510套化工工艺流程图含393套图例图纸及117套流程图含PID\化工工艺流程图\化工绘图图块图例符号\阀门管件泵类设备\球形补偿器.dwg"
"球阀转心阀","阀门管件泵类设备","阀门管件泵类设备","阀门管件泵类设备\球阀转心阀.dwg","D:\桌面\510套化工工艺流程图含393套图例图纸及117套流程图含PID\510套化工工艺流程图含393套图例图纸及117套流程图含PID\化工工艺流程图\化工绘图图块图例符号\阀门管件泵类设备\球阀转心阀.dwg"
"电动往复泵","阀门管件泵类设备","阀门管件泵类设备","阀门管件泵类设备\电动往复泵.dwg","D:\桌面\510套化工工艺流程图含393套图例图纸及117套流程图含PID\510套化工工艺流程图含393套图例图纸及117套流程图含PID\化工工艺流程图\化工绘图图块图例符号\阀门管件泵类设备\电动往复泵.dwg"
"电动往复计量泵","阀门管件泵类设备","阀门管件泵类设备","阀门管件泵类设备\电动往复计量泵.dwg","D:\桌面\510套化工工艺流程图含393套图例图纸及117套流程图含PID\510套化工工艺流程图含393套图例图纸及117套流程图含PID\化工工艺流程图\化工绘图图块图例符号\阀门管件泵类设备\电动往复计量泵.dwg"
"电动离心泵或电动漩涡泵(一)","阀门管件泵类设备","阀门管件泵类设备","阀门管件泵类设备\电动离心泵或电动漩涡泵(一).dwg","D:\桌面\510套化工工艺流程图含393套图例图纸及117套流程图含PID\510套化工工艺流程图含393套图例图纸及117套流程图含PID\化工工艺流程图\化工绘图图块图例符号\阀门管件泵类设备\电动离心泵或电动漩涡泵(一).dwg"
"电动离心泵或电动漩涡泵(二)","阀门管件泵类设备","阀门管件泵类设备","阀门管件泵类设备\电动离心泵或电动漩涡泵(二).dwg","D:\桌面\510套化工工艺流程图含393套图例图纸及117套流程图含PID\510套化工工艺流程图含393套图例图纸及117套流程图含PID\化工工艺流程图\化工绘图图块图例符号\阀门管件泵类设备\电动离心泵或电动漩涡泵(二).dwg"
"疏水阀疏水器","阀门管件泵类设备","阀门管件泵类设备","阀门管件泵类设备\疏水阀疏水器.dwg","D:\桌面\510套化工工艺流程图含393套图例图纸及117套流程图含PID\510套化工工艺流程图含393套图例图纸及117套流程图含PID\化工工艺流程图\化工绘图图块图例符号\阀门管件泵类设备\疏水阀疏水器.dwg"
"矩形补偿器","阀门管件泵类设备","阀门管件泵类设备","阀门管件泵类设备\矩形补偿器.dwg","D:\桌面\510套化工工艺流程图含393套图例图纸及117套流程图含PID\510套化工工艺流程图含393套图例图纸及117套流程图含PID\化工工艺流程图\化工绘图图块图例符号\阀门管件泵类设备\矩形补偿器.dwg"
"立式泵","阀门管件泵类设备","阀门管件泵类设备","阀门管件泵类设备\立式泵.dwg","D:\桌面\510套化工工艺流程图含393套图例图纸及117套流程图含PID\510套化工工艺流程图含393套图例图纸及117套流程图含PID\化工工艺流程图\化工绘图图块图例符号\阀门管件泵类设备\立式泵.dwg"
"立式除污器","阀门管件泵类设备","阀门管件泵类设备","阀门管件泵类设备\立式除污器.dwg","D:\桌面\510套化工工艺流程图含393套图例图纸及117套流程图含PID\510套化工工艺流程图含393套图例图纸及117套流程图含PID\化工工艺流程图\化工绘图图块图例符号\阀门管件泵类设备\立式除污器.dwg"
"管道泵","阀门管件泵类设备","阀门管件泵类设备","阀门管件泵类设备\管道泵.dwg","D:\桌面\510套化工工艺流程图含393套图例图纸及117套流程图含PID\510套化工工艺流程图含393套图例图纸及117套流程图含PID\化工工艺流程图\化工绘图图块图例符号\阀门管件泵类设备\管道泵.dwg"
"绝热管","阀门管件泵类设备","阀门管件泵类设备","阀门管件泵类设备\绝热管.dwg","D:\桌面\510套化工工艺流程图含393套图例图纸及117套流程图含PID\510套化工工艺流程图含393套图例图纸及117套流程图含PID\化工工艺流程图\化工绘图图块图例符号\阀门管件泵类设备\绝热管.dwg"
"膨胀阀隔膜阀1","阀门管件泵类设备","阀门管件泵类设备","阀门管件泵类设备\膨胀阀隔膜阀1.dwg","D:\桌面\510套化工工艺流程图含393套图例图纸及117套流程图含PID\510套化工工艺流程图含393套图例图纸及117套流程图含PID\化工工艺流程图\化工绘图图块图例符号\阀门管件泵类设备\膨胀阀隔膜阀1.dwg"
"膨胀阀隔膜阀2","阀门管件泵类设备","阀门管件泵类设备","阀门管件泵类设备\膨胀阀隔膜阀2.dwg","D:\桌面\510套化工工艺流程图含393套图例图纸及117套流程图含PID\510套化工工艺流程图含393套图例图纸及117套流程图含PID\化工工艺流程图\化工绘图图块图例符号\阀门管件泵类设备\膨胀阀隔膜阀2.dwg"
"自动排气阀","阀门管件泵类设备","阀门管件泵类设备","阀门管件泵类设备\自动排气阀.dwg","D:\桌面\510套化工工艺流程图含393套图例图纸及117套流程图含PID\510套化工工艺流程图含393套图例图纸及117套流程图含PID\化工工艺流程图\化工绘图图块图例符号\阀门管件泵类设备\自动排气阀.dwg"
"节流孔板减压孔板","阀门管件泵类设备","阀门管件泵类设备","阀门管件泵类设备\节流孔板减压孔板.dwg","D:\桌面\510套化工工艺流程图含393套图例图纸及117套流程图含PID\510套化工工艺流程图含393套图例图纸及117套流程图含PID\化工工艺流程图\化工绘图图块图例符号\阀门管件泵类设备\节流孔板减压孔板.dwg"
"节流阀","阀门管件泵类设备","阀门管件泵类设备","阀门管件泵类设备\节流阀.dwg","D:\桌面\510套化工工艺流程图含393套图例图纸及117套流程图含PID\510套化工工艺流程图含393套图例图纸及117套流程图含PID\化工工艺流程图\化工绘图图块图例符号\阀门管件泵类设备\节流阀.dwg"
"蝶阀","阀门管件泵类设备","阀门管件泵类设备","阀门管件泵类设备\蝶阀.dwg","D:\桌面\510套化工工艺流程图含393套图例图纸及117套流程图含PID\510套化工工艺流程图含393套图例图纸及117套流程图含PID\化工工艺流程图\化工绘图图块图例符号\阀门管件泵类设备\蝶阀.dwg"
"螺杆泵","阀门管件泵类设备","阀门管件泵类设备","阀门管件泵类设备\螺杆泵.dwg","D:\桌面\510套化工工艺流程图含393套图例图纸及117套流程图含PID\510套化工工艺流程图含393套图例图纸及117套流程图含PID\化工工艺流程图\化工绘图图块图例符号\阀门管件泵类设备\螺杆泵.dwg"
"补偿器伸缩器","阀门管件泵类设备","阀门管件泵类设备","阀门管件泵类设备\补偿器伸缩器.dwg","D:\桌面\510套化工工艺流程图含393套图例图纸及117套流程图含PID\510套化工工艺流程图含393套图例图纸及117套流程图含PID\化工工艺流程图\化工绘图图块图例符号\阀门管件泵类设备\补偿器伸缩器.dwg"
"角阀1","阀门管件泵类设备","阀门管件泵类设备","阀门管件泵类设备\角阀1.dwg","D:\桌面\510套化工工艺流程图含393套图例图纸及117套流程图含PID\510套化工工艺流程图含393套图例图纸及117套流程图含PID\化工工艺流程图\化工绘图图块图例符号\阀门管件泵类设备\角阀1.dwg"
"角阀2","阀门管件泵类设备","阀门管件泵类设备","阀门管件泵类设备\角阀2.dwg","D:\桌面\510套化工工艺流程图含393套图例图纸及117套流程图含PID\510套化工工艺流程图含393套图例图纸及117套流程图含PID\化工工艺流程图\化工绘图图块图例符号\阀门管件泵类设备\角阀2.dwg"
"轴测泵1","阀门管件泵类设备","阀门管件泵类设备","阀门管件泵类设备\轴测泵1.dwg","D:\桌面\510套化工工艺流程图含393套图例图纸及117套流程图含PID\510套化工工艺流程图含393套图例图纸及117套流程图含PID\化工工艺流程图\化工绘图图块图例符号\阀门管件泵类设备\轴测泵1.dwg"
"轴测泵2","阀门管件泵类设备","阀门管件泵类设备","阀门管件泵类设备\轴测泵2.dwg","D:\桌面\510套化工工艺流程图含393套图例图纸及117套流程图含PID\510套化工工艺流程图含393套图例图纸及117套流程图含PID\化工工艺流程图\化工绘图图块图例符号\阀门管件泵类设备\轴测泵2.dwg"
"重锤安全阀","阀门管件泵类设备","阀门管件泵类设备","阀门管件泵类设备\重锤安全阀.dwg","D:\桌面\510套化工工艺流程图含393套图例图纸及117套流程图含PID\510套化工工艺流程图含393套图例图纸及117套流程图含PID\化工工艺流程图\化工绘图图块图例符号\阀门管件泵类设备\重锤安全阀.dwg"
"金属软管1","阀门管件泵类设备","阀门管件泵类设备","阀门管件泵类设备\金属软管1.dwg","D:\桌面\510套化工工艺流程图含393套图例图纸及117套流程图含PID\510套化工工艺流程图含393套图例图纸及117套流程图含PID\化工工艺流程图\化工绘图图块图例符号\阀门管件泵类设备\金属软管1.dwg"
"金属软管2","阀门管件泵类设备","阀门管件泵类设备","阀门管件泵类设备\金属软管2.dwg","D:\桌面\510套化工工艺流程图含393套图例图纸及117套流程图含PID\510套化工工艺流程图含393套图例图纸及117套流程图含PID\化工工艺流程图\化工绘图图块图例符号\阀门管件泵类设备\金属软管2.dwg"
"闸阀","阀门管件泵类设备","阀门管件泵类设备","阀门管件泵类设备\闸阀.dwg","D:\桌面\510套化工工艺流程图含393套图例图纸及117套流程图含PID\510套化工工艺流程图含393套图例图纸及117套流程图含PID\化工工艺流程图\化工绘图图块图例符号\阀门管件泵类设备\闸阀.dwg"
"隔膜泵","阀门管件泵类设备","阀门管件泵类设备","阀门管件泵类设备\隔膜泵.dwg","D:\桌面\510套化工工艺流程图含393套图例图纸及117套流程图含PID\510套化工工艺流程图含393套图例图纸及117套流程图含PID\化工工艺流程图\化工绘图图块图例符号\阀门管件泵类设备\隔膜泵.dwg"
"集气罐排气装置-平面","阀门管件泵类设备","阀门管件泵类设备","阀门管件泵类设备\集气罐排气装置-平面.dwg","D:\桌面\510套化工工艺流程图含393套图例图纸及117套流程图含PID\510套化工工艺流程图含393套图例图纸及117套流程图含PID\化工工艺流程图\化工绘图图块图例符号\阀门管件泵类设备\集气罐排气装置-平面.dwg"
"集气罐排气装置","阀门管件泵类设备","阀门管件泵类设备","阀门管件泵类设备\集气罐排气装置.dwg","D:\桌面\510套化工工艺流程图含393套图例图纸及117套流程图含PID\510套化工工艺流程图含393套图例图纸及117套流程图含PID\化工工艺流程图\化工绘图图块图例符号\阀门管件泵类设备\集气罐排气装置.dwg"
"齿轮泵","阀门管件泵类设备","阀门管件泵类设备","阀门管件泵类设备\齿轮泵.dwg","D:\桌面\510套化工工艺流程图含393套图例图纸及117套流程图含PID\510套化工工艺流程图含393套图例图纸及117套流程图含PID\化工工艺流程图\化工绘图图块图例符号\阀门管件泵类设备\齿轮泵.dwg"
"三通阀正视","阀门类","阀门类","阀门类\三通阀正视.dwg","D:\桌面\510套化工工艺流程图含393套图例图纸及117套流程图含PID\510套化工工艺流程图含393套图例图纸及117套流程图含PID\化工工艺流程图\化工绘图图块图例符号\阀门类\三通阀正视.dwg"
"三通阀顶视","阀门类","阀门类","阀门类\三通阀顶视.dwg","D:\桌面\510套化工工艺流程图含393套图例图纸及117套流程图含PID\510套化工工艺流程图含393套图例图纸及117套流程图含PID\化工工艺流程图\化工绘图图块图例符号\阀门类\三通阀顶视.dwg"
"减压阀","阀门类","阀门类","阀门类\减压阀.dwg","D:\桌面\510套化工工艺流程图含393套图例图纸及117套流程图含PID\510套化工工艺流程图含393套图例图纸及117套流程图含PID\化工工艺流程图\化工绘图图块图例符号\阀门类\减压阀.dwg"
"四通阀","阀门类","阀门类","阀门类\四通阀.dwg","D:\桌面\510套化工工艺流程图含393套图例图纸及117套流程图含PID\510套化工工艺流程图含393套图例图纸及117套流程图含PID\化工工艺流程图\化工绘图图块图例符号\阀门类\四通阀.dwg"
"密闭式弹簧安全阀侧视","阀门类","阀门类","阀门类\密闭式弹簧安全阀侧视.dwg","D:\桌面\510套化工工艺流程图含393套图例图纸及117套流程图含PID\510套化工工艺流程图含393套图例图纸及117套流程图含PID\化工工艺流程图\化工绘图图块图例符号\阀门类\密闭式弹簧安全阀侧视.dwg"
"密闭式弹簧安全阀正视","阀门类","阀门类","阀门类\密闭式弹簧安全阀正视.dwg","D:\桌面\510套化工工艺流程图含393套图例图纸及117套流程图含PID\510套化工工艺流程图含393套图例图纸及117套流程图含PID\化工工艺流程图\化工绘图图块图例符号\阀门类\密闭式弹簧安全阀正视.dwg"
"密闭式弹簧安全阀顶视","阀门类","阀门类","阀门类\密闭式弹簧安全阀顶视.dwg","D:\桌面\510套化工工艺流程图含393套图例图纸及117套流程图含PID\510套化工工艺流程图含393套图例图纸及117套流程图含PID\化工工艺流程图\化工绘图图块图例符号\阀门类\密闭式弹簧安全阀顶视.dwg"
"密闭式重锤安全阀侧视","阀门类","阀门类","阀门类\密闭式重锤安全阀侧视.dwg","D:\桌面\510套化工工艺流程图含393套图例图纸及117套流程图含PID\510套化工工艺流程图含393套图例图纸及117套流程图含PID\化工工艺流程图\化工绘图图块图例符号\阀门类\密闭式重锤安全阀侧视.dwg"
"密闭式重锤安全阀正视","阀门类","阀门类","阀门类\密闭式重锤安全阀正视.dwg","D:\桌面\510套化工工艺流程图含393套图例图纸及117套流程图含PID\510套化工工艺流程图含393套图例图纸及117套流程图含PID\化工工艺流程图\化工绘图图块图例符号\阀门类\密闭式重锤安全阀正视.dwg"
"密闭式重锤安全阀顶视","阀门类","阀门类","阀门类\密闭式重锤安全阀顶视.dwg","D:\桌面\510套化工工艺流程图含393套图例图纸及117套流程图含PID\510套化工工艺流程图含393套图例图纸及117套流程图含PID\化工工艺流程图\化工绘图图块图例符号\阀门类\密闭式重锤安全阀顶视.dwg"
"平侧阀","阀门类","阀门类","阀门类\平侧阀.dwg","D:\桌面\510套化工工艺流程图含393套图例图纸及117套流程图含PID\510套化工工艺流程图含393套图例图纸及117套流程图含PID\化工工艺流程图\化工绘图图块图例符号\阀门类\平侧阀.dwg"
"平阀","阀门类","阀门类","阀门类\平阀.dwg","D:\桌面\510套化工工艺流程图含393套图例图纸及117套流程图含PID\510套化工工艺流程图含393套图例图纸及117套流程图含PID\化工工艺流程图\化工绘图图块图例符号\阀门类\平阀.dwg"
"底三角侧阀","阀门类","阀门类","阀门类\底三角侧阀.dwg","D:\桌面\510套化工工艺流程图含393套图例图纸及117套流程图含PID\510套化工工艺流程图含393套图例图纸及117套流程图含PID\化工工艺流程图\化工绘图图块图例符号\阀门类\底三角侧阀.dwg"
"开放式弹簧安全阀侧视","阀门类","阀门类","阀门类\开放式弹簧安全阀侧视.dwg","D:\桌面\510套化工工艺流程图含393套图例图纸及117套流程图含PID\510套化工工艺流程图含393套图例图纸及117套流程图含PID\化工工艺流程图\化工绘图图块图例符号\阀门类\开放式弹簧安全阀侧视.dwg"
"开放式弹簧安全阀正视","阀门类","阀门类","阀门类\开放式弹簧安全阀正视.dwg","D:\桌面\510套化工工艺流程图含393套图例图纸及117套流程图含PID\510套化工工艺流程图含393套图例图纸及117套流程图含PID\化工工艺流程图\化工绘图图块图例符号\阀门类\开放式弹簧安全阀正视.dwg"
"开放式重锤安全阀侧视","阀门类","阀门类","阀门类\开放式重锤安全阀侧视.dwg","D:\桌面\510套化工工艺流程图含393套图例图纸及117套流程图含PID\510套化工工艺流程图含393套图例图纸及117套流程图含PID\化工工艺流程图\化工绘图图块图例符号\阀门类\开放式重锤安全阀侧视.dwg"
"开放式重锤安全阀正视","阀门类","阀门类","阀门类\开放式重锤安全阀正视.dwg","D:\桌面\510套化工工艺流程图含393套图例图纸及117套流程图含PID\510套化工工艺流程图含393套图例图纸及117套流程图含PID\化工工艺流程图\化工绘图图块图例符号\阀门类\开放式重锤安全阀正视.dwg"
"开放式重锤安全阀顶视","阀门类","阀门类","阀门类\开放式重锤安全阀顶视.dwg","D:\桌面\510套化工工艺流程图含393套图例图纸及117套流程图含PID\510套化工工艺流程图含393套图例图纸及117套流程图含PID\化工工艺流程图\化工绘图图块图例符号\阀门类\开放式重锤安全阀顶视.dwg"
"截止阀正视图（法兰）","阀门类","阀门类","阀门类\截止阀正视图（法兰）.dwg","D:\桌面\510套化工工艺流程图含393套图例图纸及117套流程图含PID\510套化工工艺流程图含393套图例图纸及117套流程图含PID\化工工艺流程图\化工绘图图块图例符号\阀门类\截止阀正视图（法兰）.dwg"
"截止阀顶视图（法兰）","阀门类","阀门类","阀门类\截止阀顶视图（法兰）.dwg","D:\桌面\510套化工工艺流程图含393套图例图纸及117套流程图含PID\510套化工工艺流程图含393套图例图纸及117套流程图含PID\化工工艺流程图\化工绘图图块图例符号\阀门类\截止阀顶视图（法兰）.dwg"
"截止阀（侧视）","阀门类","阀门类","阀门类\截止阀（侧视）.dwg","D:\桌面\510套化工工艺流程图含393套图例图纸及117套流程图含PID\510套化工工艺流程图含393套图例图纸及117套流程图含PID\化工工艺流程图\化工绘图图块图例符号\阀门类\截止阀（侧视）.dwg"
"截止阀（手柄向上）","阀门类","阀门类","阀门类\截止阀（手柄向上）.dwg","D:\桌面\510套化工工艺流程图含393套图例图纸及117套流程图含PID\510套化工工艺流程图含393套图例图纸及117套流程图含PID\化工工艺流程图\化工绘图图块图例符号\阀门类\截止阀（手柄向上）.dwg"
"截止阀（手柄向下）","阀门类","阀门类","阀门类\截止阀（手柄向下）.dwg","D:\桌面\510套化工工艺流程图含393套图例图纸及117套流程图含PID\510套化工工艺流程图含393套图例图纸及117套流程图含PID\化工工艺流程图\化工绘图图块图例符号\阀门类\截止阀（手柄向下）.dwg"
"截止阀（手柄向前）","阀门类","阀门类","阀门类\截止阀（手柄向前）.dwg","D:\桌面\510套化工工艺流程图含393套图例图纸及117套流程图含PID\510套化工工艺流程图含393套图例图纸及117套流程图含PID\化工工艺流程图\化工绘图图块图例符号\阀门类\截止阀（手柄向前）.dwg"
"截止阀（手柄向后）","阀门类","阀门类","阀门类\截止阀（手柄向后）.dwg","D:\桌面\510套化工工艺流程图含393套图例图纸及117套流程图含PID\510套化工工艺流程图含393套图例图纸及117套流程图含PID\化工工艺流程图\化工绘图图块图例符号\阀门类\截止阀（手柄向后）.dwg"
"旋塞阀","阀门类","阀门类","阀门类\旋塞阀.dwg","D:\桌面\510套化工工艺流程图含393套图例图纸及117套流程图含PID\510套化工工艺流程图含393套图例图纸及117套流程图含PID\化工工艺流程图\化工绘图图块图例符号\阀门类\旋塞阀.dwg"
"止回阀","阀门类","阀门类","阀门类\止回阀.dwg","D:\桌面\510套化工工艺流程图含393套图例图纸及117套流程图含PID\510套化工工艺流程图含393套图例图纸及117套流程图含PID\化工工艺流程图\化工绘图图块图例符号\阀门类\止回阀.dwg"
"止回阀（法兰）","阀门类","阀门类","阀门类\止回阀（法兰）.dwg","D:\桌面\510套化工工艺流程图含393套图例图纸及117套流程图含PID\510套化工工艺流程图含393套图例图纸及117套流程图含PID\化工工艺流程图\化工绘图图块图例符号\阀门类\止回阀（法兰）.dwg"
"气动薄膜调节阀","阀门类","阀门类","阀门类\气动薄膜调节阀.dwg","D:\桌面\510套化工工艺流程图含393套图例图纸及117套流程图含PID\510套化工工艺流程图含393套图例图纸及117套流程图含PID\化工工艺流程图\化工绘图图块图例符号\阀门类\气动薄膜调节阀.dwg"
"特殊传动阀门正视","阀门类","阀门类","阀门类\特殊传动阀门正视.dwg","D:\桌面\510套化工工艺流程图含393套图例图纸及117套流程图含PID\510套化工工艺流程图含393套图例图纸及117套流程图含PID\化工工艺流程图\化工绘图图块图例符号\阀门类\特殊传动阀门正视.dwg"
"特殊传动阀门顶视","阀门类","阀门类","阀门类\特殊传动阀门顶视.dwg","D:\桌面\510套化工工艺流程图含393套图例图纸及117套流程图含PID\510套化工工艺流程图含393套图例图纸及117套流程图含PID\化工工艺流程图\化工绘图图块图例符号\阀门类\特殊传动阀门顶视.dwg"
"球阀正视图","阀门类","阀门类","阀门类\球阀正视图.dwg","D:\桌面\510套化工工艺流程图含393套图例图纸及117套流程图含PID\510套化工工艺流程图含393套图例图纸及117套流程图含PID\化工工艺流程图\化工绘图图块图例符号\阀门类\球阀正视图.dwg"
"球阀顶视图","阀门类","阀门类","阀门类\球阀顶视图.dwg","D:\桌面\510套化工工艺流程图含393套图例图纸及117套流程图含PID\510套化工工艺流程图含393套图例图纸及117套流程图含PID\化工工艺流程图\化工绘图图块图例符号\阀门类\球阀顶视图.dwg"
"球阀（侧视）","阀门类","阀门类","阀门类\球阀（侧视）.dwg","D:\桌面\510套化工工艺流程图含393套图例图纸及117套流程图含PID\510套化工工艺流程图含393套图例图纸及117套流程图含PID\化工工艺流程图\化工绘图图块图例符号\阀门类\球阀（侧视）.dwg"
"球阀（手柄向上）","阀门类","阀门类","阀门类\球阀（手柄向上）.dwg","D:\桌面\510套化工工艺流程图含393套图例图纸及117套流程图含PID\510套化工工艺流程图含393套图例图纸及117套流程图含PID\化工工艺流程图\化工绘图图块图例符号\阀门类\球阀（手柄向上）.dwg"
"球阀（手柄向下）","阀门类","阀门类","阀门类\球阀（手柄向下）.dwg","D:\桌面\510套化工工艺流程图含393套图例图纸及117套流程图含PID\510套化工工艺流程图含393套图例图纸及117套流程图含PID\化工工艺流程图\化工绘图图块图例符号\阀门类\球阀（手柄向下）.dwg"
"球阀（手柄向前）","阀门类","阀门类","阀门类\球阀（手柄向前）.dwg","D:\桌面\510套化工工艺流程图含393套图例图纸及117套流程图含PID\510套化工工艺流程图含393套图例图纸及117套流程图含PID\化工工艺流程图\化工绘图图块图例符号\阀门类\球阀（手柄向前）.dwg"
"球阀（手柄向后）","阀门类","阀门类","阀门类\球阀（手柄向后）.dwg","D:\桌面\510套化工工艺流程图含393套图例图纸及117套流程图含PID\510套化工工艺流程图含393套图例图纸及117套流程图含PID\化工工艺流程图\化工绘图图块图例符号\阀门类\球阀（手柄向后）.dwg"
"疏水阀","阀门类","阀门类","阀门类\疏水阀.dwg","D:\桌面\510套化工工艺流程图含393套图例图纸及117套流程图含PID\510套化工工艺流程图含393套图例图纸及117套流程图含PID\化工工艺流程图\化工绘图图块图例符号\阀门类\疏水阀.dwg"
"节流阀","阀门类","阀门类","阀门类\节流阀.dwg","D:\桌面\510套化工工艺流程图含393套图例图纸及117套流程图含PID\510套化工工艺流程图含393套图例图纸及117套流程图含PID\化工工艺流程图\化工绘图图块图例符号\阀门类\节流阀.dwg"
"蝶形调节阀正视","阀门类","阀门类","阀门类\蝶形调节阀正视.dwg","D:\桌面\510套化工工艺流程图含393套图例图纸及117套流程图含PID\510套化工工艺流程图含393套图例图纸及117套流程图含PID\化工工艺流程图\化工绘图图块图例符号\阀门类\蝶形调节阀正视.dwg"
"蝶阀正视","阀门类","阀门类","阀门类\蝶阀正视.dwg","D:\桌面\510套化工工艺流程图含393套图例图纸及117套流程图含PID\510套化工工艺流程图含393套图例图纸及117套流程图含PID\化工工艺流程图\化工绘图图块图例符号\阀门类\蝶阀正视.dwg"
"蝶阀顶视","阀门类","阀门类","阀门类\蝶阀顶视.dwg","D:\桌面\510套化工工艺流程图含393套图例图纸及117套流程图含PID\510套化工工艺流程图含393套图例图纸及117套流程图含PID\化工工艺流程图\化工绘图图块图例符号\阀门类\蝶阀顶视.dwg"
"角阀","阀门类","阀门类","阀门类\角阀.dwg","D:\桌面\510套化工工艺流程图含393套图例图纸及117套流程图含PID\510套化工工艺流程图含393套图例图纸及117套流程图含PID\化工工艺流程图\化工绘图图块图例符号\阀门类\角阀.dwg"
"转子流量计","阀门类","阀门类","阀门类\转子流量计.dwg","D:\桌面\510套化工工艺流程图含393套图例图纸及117套流程图含PID\510套化工工艺流程图含393套图例图纸及117套流程图含PID\化工工艺流程图\化工绘图图块图例符号\阀门类\转子流量计.dwg"
"闸阀正视图（法兰）","阀门类","阀门类","阀门类\闸阀正视图（法兰）.dwg","D:\桌面\510套化工工艺流程图含393套图例图纸及117套流程图含PID\510套化工工艺流程图含393套图例图纸及117套流程图含PID\化工工艺流程图\化工绘图图块图例符号\阀门类\闸阀正视图（法兰）.dwg"
"闸阀顶视图（法兰）","阀门类","阀门类","阀门类\闸阀顶视图（法兰）.dwg","D:\桌面\510套化工工艺流程图含393套图例图纸及117套流程图含PID\510套化工工艺流程图含393套图例图纸及117套流程图含PID\化工工艺流程图\化工绘图图块图例符号\阀门类\闸阀顶视图（法兰）.dwg"
"闸阀（手柄向前）","阀门类","阀门类","阀门类\闸阀（手柄向前）.dwg","D:\桌面\510套化工工艺流程图含393套图例图纸及117套流程图含PID\510套化工工艺流程图含393套图例图纸及117套流程图含PID\化工工艺流程图\化工绘图图块图例符号\阀门类\闸阀（手柄向前）.dwg"
"闸阀（手柄向后）","阀门类","阀门类","阀门类\闸阀（手柄向后）.dwg","D:\桌面\510套化工工艺流程图含393套图例图纸及117套流程图含PID\510套化工工艺流程图含393套图例图纸及117套流程图含PID\化工工艺流程图\化工绘图图块图例符号\阀门类\闸阀（手柄向后）.dwg"
"阀门","阀门类","阀门类","阀门类\阀门.dwg","D:\桌面\510套化工工艺流程图含393套图例图纸及117套流程图含PID\510套化工工艺流程图含393套图例图纸及117套流程图含PID\化工工艺流程图\化工绘图图块图例符号\阀门类\阀门.dwg"
"隔膜阀","阀门类","阀门类","阀门类\隔膜阀.dwg","D:\桌面\510套化工工艺流程图含393套图例图纸及117套流程图含PID\510套化工工艺流程图含393套图例图纸及117套流程图含PID\化工工艺流程图\化工绘图图块图例符号\阀门类\隔膜阀.dwg"
"隔膜阀正视","阀门类","阀门类","阀门类\隔膜阀正视.dwg","D:\桌面\510套化工工艺流程图含393套图例图纸及117套流程图含PID\510套化工工艺流程图含393套图例图纸及117套流程图含PID\化工工艺流程图\化工绘图图块图例符号\阀门类\隔膜阀正视.dwg"
"顺管阀（大实）","阀门类","阀门类","阀门类\顺管阀（大实）.dwg","D:\桌面\510套化工工艺流程图含393套图例图纸及117套流程图含PID\510套化工工艺流程图含393套图例图纸及117套流程图含PID\化工工艺流程图\化工绘图图块图例符号\阀门类\顺管阀（大实）.dwg"
"顺管阀（大虚）","阀门类","阀门类","阀门类\顺管阀（大虚）.dwg","D:\桌面\510套化工工艺流程图含393套图例图纸及117套流程图含PID\510套化工工艺流程图含393套图例图纸及117套流程图含PID\化工工艺流程图\化工绘图图块图例符号\阀门类\顺管阀（大虚）.dwg"
